name,RepoSummary,Link
Codeusa/Borderless-,"        Play your favorite games in a borderless window; no more time consuming alt-tabs. 
      ",https://github.com/Codeusa/Borderless-Gaming
chunying/,        GamingAnywhere: An Open Cloud ,https://github.com/chunying/gaminganywhere
djdallmann/,        A research and evidence based approach to optimizing your ,https://github.com/djdallmann/GamingPCSetup
lutris/lutris,"        Lutris desktop client in Python / PyGObject
      ",https://github.com/lutris/lutris
Magisk-Modules-Alt-Repo/,        ,https://github.com/Magisk-Modules-Alt-Repo/gaming
uberhalit/EldenRingFpsUnlockAndMore,"        A small utility to remove frame rate limit, change FOV, add widescreen support and more for Elden Ring
      ",https://github.com/uberhalit/EldenRingFpsUnlockAndMore
ChintanTrivedi/Deep,        A deep learning based AI bot for playing the football simulation ,https://github.com/ChintanTrivedi/DeepGamingAI_FIFA
lutris/website,"        Lutris.net website
      ",https://github.com/lutris/website
ecalder6/azure-,        Cloud ,https://github.com/ecalder6/azure-gaming
ChintanTrivedi/Deep,"        Using Reinforcement Learning to play FIFA
      ",https://github.com/ChintanTrivedi/DeepGamingAI_FIFARL
TelegramMessenger/,"        Communication between Telegram Apps and Games
      ",https://github.com/TelegramMessenger/GamingCommunication
jatinmandav/,"        Code to all the Games I made using Python Programming Language
      ",https://github.com/jatinmandav/Gaming-in-Python
gingemonster/,        Sample code to accompany our GameBoy development C GBDK youtube series ,https://github.com/gingemonster/GamingMonstersGameBoySampleCode
andykorth/Pencil.,"        An open-source, cross-platform ",https://github.com/andykorth/Pencil.Gaming
cloudwu/skynet,        A lightweight online ,https://github.com/cloudwu/skynet
johnnynunez/Xiaomi,"        i7-8750h
      ",https://github.com/johnnynunez/XiaomiGaming
icyleaf/EFI-ASRock-Z390-Phantom-,"        Mini ITX 4k 视频剪辑黑苹果 macOS Monterey OpenCore EFI
      ",https://github.com/icyleaf/EFI-ASRock-Z390-Phantom-Gaming-ITX
danielyxie/bitburner,        Bitburner ,https://github.com/danielyxie/bitburner
Gazler/githug,        Git your ,https://github.com/Gazler/githug
giongto35/cloud-game,        Web-based Cloud ,https://github.com/giongto35/cloud-game
bskim/,        serverless handsonlab repository for ,https://github.com/bskim/gamingonaws2017_serverless
AgoraIO/Voice-Call-for-Mobile-,NULL,https://github.com/AgoraIO/Voice-Call-for-Mobile-Gaming
codecombat/codecombat,        ,https://github.com/codecombat/codecombat
parsec-cloud/Parsec-Cloud-Preparation-Tool,"        Launch Parsec enabled cloud computers via your own cloud provider account.
      ",https://github.com/parsec-cloud/Parsec-Cloud-Preparation-Tool
godotengine/godot,        Godot Engine – Multi-platform 2D and 3D ,https://github.com/godotengine/godot
learncodebygaming/opencv_tutorials,        Tutorials for learning OpenCV by making a video ,https://github.com/learncodebygaming/opencv_tutorials
BenjaminX/Hackintosh-Gigabyte-Z390M-,"        Only for OpenCore bootloader
      ",https://github.com/BenjaminX/Hackintosh-Gigabyte-Z390M-GAMING
mozilla/BrowserQuest,        A HTML5/JavaScript multiplayer ,https://github.com/mozilla/BrowserQuest
cabaletta/baritone,        google maps for block ,https://github.com/cabaletta/baritone
Hexorg/CheatEngineTables,"        Repository of tables for CheatEngine
      ",https://github.com/Hexorg/CheatEngineTables
minetest/minetest,        Minetest is an open source voxel ,https://github.com/minetest/minetest
Ahmed-Al-Balochi/Libre,        Python Program that downloads ,https://github.com/Ahmed-Al-Balochi/LibreGaming
miloyip/game-programmer,        A Study Path for ,https://github.com/miloyip/game-programmer
badjware/aws-cloud-,"        Terraform module to automate the provisioning an AWS EC2 instance with a gpu to play games in the cloud using Parsec.
      ",https://github.com/badjware/aws-cloud-gaming
marblexu/PythonPlantsVsZombies,        a simple PlantsVsZombies ,https://github.com/marblexu/PythonPlantsVsZombies
pateldigant/gesture-,NULL,https://github.com/pateldigant/gesture-gaming-python
craftyjs/Crafty,        JavaScript ,https://github.com/craftyjs/Crafty
Dimbreath/GenshinData,        Repository containing the ,https://github.com/Dimbreath/GenshinData
libgdx/libgdx,        Desktop/Android/HTML5/iOS Java ,https://github.com/libgdx/libgdx
skidding/flatris,        Fast-paced two-player web ,https://github.com/skidding/flatris
ChintanTrivedi/Deep,        An FPS ,https://github.com/ChintanTrivedi/DeepGamingAI_FPS
whitehatjr/Monkey-Chunky,        A word phonic ,https://github.com/whitehatjr/Monkey-Chunky
andrewliao11/Deep-Reinforcement-Learning-Survey,"        My Exploration on Deep Reinforcement Learning Survey
      ",https://github.com/andrewliao11/Deep-Reinforcement-Learning-Survey
nem0/LumixEngine,        3D C++ ,https://github.com/nem0/LumixEngine
libratbag/piper,        GTK application to configure ,https://github.com/libratbag/piper
ellisonleao/magictools,        :video_,https://github.com/ellisonleao/magictools
flame-engine/flame,        A Flutter based ,https://github.com/flame-engine/flame
Kavex/GameDev-Resources,         :video_,https://github.com/Kavex/GameDev-Resources
OpenEmu/OpenEmu,        ,https://github.com/OpenEmu/OpenEmu
magefree/mage,        Magic Another ,https://github.com/magefree/mage
stride3d/stride,        Stride ,https://github.com/stride3d/stride
egret-labs/egret-game-library,        Egret ,https://github.com/egret-labs/egret-game-library
Gamua/Starling-Framework,        The Cross Platform ,https://github.com/Gamua/Starling-Framework
HFO4/gameboy.live,        ,https://github.com/HFO4/gameboy.live
SerpentAI/SerpentAI,        ,https://github.com/SerpentAI/SerpentAI
velovix/,        Code for a video series I'm making on ,https://github.com/velovix/gaming-in-go
ninjamuffin99/Funkin,        A rhythm ,https://github.com/ninjamuffin99/Funkin
rolling-scopes-school/guessing-game,        Guessing ,https://github.com/rolling-scopes-school/guessing-game
mgba-emu/mgba,        mGBA ,https://github.com/mgba-emu/mgba
skypjack/entt,        ,https://github.com/skypjack/entt
DanielThomas/ec2,        EC2 ,https://github.com/DanielThomas/ec2gaming
skywind3000/preserve-cd,        ,https://github.com/skywind3000/preserve-cd
name5566/leaf,        A ,https://github.com/name5566/leaf
nicolasgramlich/AndEngine,        Free Android 2D OpenGL ,https://github.com/nicolasgramlich/AndEngine
themagpimag/retro-,NULL,https://github.com/themagpimag/retro-gaming
cykod/Quintus,        HTML5 ,https://github.com/cykod/Quintus
HeapsIO/heaps,        Heaps : Haxe ,https://github.com/HeapsIO/heaps
AdelKS/Linux,        Linux ,https://github.com/AdelKS/LinuxGamingGuide
Grasscutters/Grasscutter,        A server software reimplementation for a certain anime ,https://github.com/Grasscutters/Grasscutter
Terence-D/,        Android client for the ,https://github.com/Terence-D/GamingInterfaceClientAndroid
kitao/pyxel,        A retro ,https://github.com/kitao/pyxel
urho3d/Urho3D,        Cross-platform 2D and 3D ,https://github.com/urho3d/Urho3D
magwo/elevatorsaga,        The elevator programming ,https://github.com/magwo/elevatorsaga
google-research/football,        Check out the new ,https://github.com/google-research/football
NetEase/pomelo,"        A fast,scalable,distributed ",https://github.com/NetEase/pomelo
9miao/Firefly,        Distributed ,https://github.com/9miao/Firefly
braydondavis/Nerd-,        The Nerd ,https://github.com/braydondavis/Nerd-Gaming-Public
haqu/tweejump,        iPhone ,https://github.com/haqu/tweejump
4ian/GDevelop,        :video_,https://github.com/4ian/GDevelop
villers/HTML5_,"        Agar.io clone written with Socket.IO and Phaser
      ",https://github.com/villers/HTML5_Gaming
nyanhp/AzureCloud,        Cloud ,https://github.com/nyanhp/AzureCloudGaming
Armour/Multiplayer-FPS,        :video_,https://github.com/Armour/Multiplayer-FPS
bevyengine/bevy,        A refreshingly simple data-driven ,https://github.com/bevyengine/bevy
github/game-off-2016,        GitHub's month-long ,https://github.com/github/game-off-2016
OpenVisualCloud/Cloud-,        Welcome to github repository for Cloud ,https://github.com/OpenVisualCloud/Cloud-Gaming-Windows-Sample
moloch--/RootTheBox,        A ,https://github.com/moloch--/RootTheBox
endless-sky/endless-sky,"        Space exploration, trading, and combat ",https://github.com/endless-sky/endless-sky
MicrosoftDocs/azure-,"        Documentation for Azure features relevant to developing games
      ",https://github.com/MicrosoftDocs/azure-gaming-docs
lo-th/3d.city,        3d city builder ,https://github.com/lo-th/3d.city
cybdom/,        ,https://github.com/cybdom/Gaming-Social-Network
jakesgordon/javascript-tetris,        A simple javascript tetris ,https://github.com/jakesgordon/javascript-tetris
marein/php-,        A ,https://github.com/marein/php-gaming-website
therealgliz/blooket-hacks,        Multiple ,https://github.com/therealgliz/blooket-hacks
murlokito/awesome-solana-,        ,https://github.com/murlokito/awesome-solana-gaming
thomaspark/flexboxfroggy,        A ,https://github.com/thomaspark/flexboxfroggy
cykod/AlienInvasion,        Demo ,https://github.com/cykod/AlienInvasion
Winetricks/winetricks,"        Winetricks is an easy way to work around problems in Wine
      ",https://github.com/Winetricks/winetricks
KomodoPlatform/antara-,        Komodo ,https://github.com/KomodoPlatform/antara-gaming-sdk
Prinsphield/Wechat_AutoJump,        AI plays WeChat Jump ,https://github.com/Prinsphield/Wechat_AutoJump
melonjs/melonJS,        a fresh & lightweight javascript ,https://github.com/melonjs/melonJS
hawkthorne/hawkthorne-journey,        Digital Estate Planning: The ,https://github.com/hawkthorne/hawkthorne-journey
elliott-wen/Remote-,        Cloud ,https://github.com/elliott-wen/Remote-Gaming
DaoCloud/dao-2048,        2048 is a number puzzle ,https://github.com/DaoCloud/dao-2048
phoboslab/Impact,        HTML5 ,https://github.com/phoboslab/Impact
lucasassislar/nucleuscoop,        Starts multiple instances of a ,https://github.com/lucasassislar/nucleuscoop
octgn/OCTGN,        Online Card and Tabletop ,https://github.com/octgn/OCTGN
czombos/asus-rog-strix-z390-i-,        A guide to build your own Hackintosh based on ASUS ROG STRIX Z390-I ,https://github.com/czombos/asus-rog-strix-z390-i-gaming-hackintosh
bayzid23564/RDPByBayzid,NULL,https://github.com/bayzid23564/RDPByBayzidGaming
playgameservices/android-basic-samples,        Google Play ,https://github.com/playgameservices/android-basic-samples
razor-x/eve-overview,"        EVE Online Overview Generator
      ",https://github.com/razor-x/eve-overview
orangeduck/Corange,        Pure C ,https://github.com/orangeduck/Corange
git-game/git-game,        terminal ,https://github.com/git-game/git-game
gibbed/SteamAchievementManager,        A manager for ,https://github.com/gibbed/SteamAchievementManager
HackerPoet/MarbleMarcher,        A Fractal Physics ,https://github.com/HackerPoet/MarbleMarcher
gbdev/rgbds,        Rednex ,https://github.com/gbdev/rgbds
minetest/minetest_game,        Minetest ,https://github.com/minetest/minetest_game
rolling-scopes-school/tic-tac-toe,        Tic Tac Toe ,https://github.com/rolling-scopes-school/tic-tac-toe
giongto35/cloud-morph,"        Decentralize, Self-host Cloud ",https://github.com/giongto35/cloud-morph
LIJI32/SameBoy,        ,https://github.com/LIJI32/SameBoy
ejoy/ejoy2d,        A 2D Graphics Engine for Mobile ,https://github.com/ejoy/ejoy2d
LeagueSandbox/GameServer,        League Sandbox's ,https://github.com/LeagueSandbox/GameServer
barijaona/OpenCore_GA-Z170X-,"        OpenCore_GA-Z170X-Gaming5
      ",https://github.com/barijaona/OpenCore_GA-Z170X-Gaming5
github/game-off-2012,        The GitHub ,https://github.com/github/game-off-2012
replit/kaboom,        ,https://github.com/replit/kaboom
Aerolab/blockrain.js,        HTML5 Tetris ,https://github.com/Aerolab/blockrain.js
OxideMod/Oxide,"        Old repository for the Oxide mod. See individual repositories for updates
      ",https://github.com/OxideMod/Oxide
AdamsLair/duality,        a 2D ,https://github.com/AdamsLair/duality
d1zzy/pvpgn,        Player vs Player ,https://github.com/d1zzy/pvpgn
DaVikingCode/Citrus-Engine,        Modern AS3 ,https://github.com/DaVikingCode/Citrus-Engine
DaRaFF/jsgamewiki,        A collection of good links for ,https://github.com/DaRaFF/jsgamewiki
reciate/Apex,"        An external Apex Legends cheat written in Python.
      ",https://github.com/reciate/ApexGaming.py
hexlet-codebattle/codebattle,        Codebattle ,https://github.com/hexlet-codebattle/codebattle
crownengine/crown,        The flexible ,https://github.com/crownengine/crown
Orange-Cyberdefense/GOAD,        ,https://github.com/Orange-Cyberdefense/GOAD
omriharel/deej,"        Set app volumes with real sliders! deej is an Arduino & Go project to let you build your own hardware mixer for Windo…
      ",https://github.com/omriharel/deej
zerocool-11/gesture_controlled_,NULL,https://github.com/zerocool-11/gesture_controlled_gaming
Baekalfen/PyBoy,        ,https://github.com/Baekalfen/PyBoy
shiqwang/netfox,        Net Fox ,https://github.com/shiqwang/netfox
gabomdq/SDL_GameControllerDB,        A community sourced database of ,https://github.com/gabomdq/SDL_GameControllerDB
nneonneo/2048-ai,        AI for the 2048 ,https://github.com/nneonneo/2048-ai
spritebuilder/SpriteBuilder,        Objective-C ,https://github.com/spritebuilder/SpriteBuilder
diasurgical/devilution,        Diablo devolved - magic behind the 1996 computer ,https://github.com/diasurgical/devilution
tito/2048,        2048 ,https://github.com/tito/2048
AlmasB/FXGL,        Java / JavaFX / Kotlin ,https://github.com/AlmasB/FXGL
bydavy/EFI-ASRock-Z390-Phantom-,        EFI for hackintosh running on asrock z390 phantom ,https://github.com/bydavy/EFI-ASRock-Z390-Phantom-Gaming
haqu/climbers,        iPad ,https://github.com/haqu/climbers
MaxBittker/sandspiel,        Creative cellular automata browser ,https://github.com/MaxBittker/sandspiel
maxogden/voxel-engine,        3D HTML5 voxel ,https://github.com/maxogden/voxel-engine
BepInEx/BepInEx,        Unity / XNA ,https://github.com/BepInEx/BepInEx
Progether/JAdventure,        Java text adventure ,https://github.com/Progether/JAdventure
BoomingTech/Piccolo,        Piccolo (formerly Pilot) – mini ,https://github.com/BoomingTech/Piccolo
Polygon-Academy/Web3,        Repo for Web3 ,https://github.com/Polygon-Academy/Web3GamingBootcamp_CN
jcarolus/android-chess,        Chess ,https://github.com/jcarolus/android-chess
korlibs/korge,        KorGE ,https://github.com/korlibs/korge
AgoraIO/Video-Call-for-Mobile-,NULL,https://github.com/AgoraIO/Video-Call-for-Mobile-Gaming
xiahualiu/wg_,        WireGuard quick installer for ,https://github.com/xiahualiu/wg_gaming_installer
amethyst/amethyst,        Data-oriented and data-driven ,https://github.com/amethyst/amethyst
SteamDatabase/GameTracking-Dota2,        ,https://github.com/SteamDatabase/GameTracking-Dota2
lachie83/croc-hunter,        The infamous croc hunter ,https://github.com/lachie83/croc-hunter
webrcade/webrcade,        Feed-driven ,https://github.com/webrcade/webrcade
webrcade/webrcade,        Feed-driven ,https://github.com/webrcade/webrcade
GoogleChromeLabs/proxx,        A ,https://github.com/GoogleChromeLabs/proxx
chuyangliu/snake,        Artificial intelligence for the Snake ,https://github.com/chuyangliu/snake
watabou/pixel-dungeon,        Traditional roguelike ,https://github.com/watabou/pixel-dungeon
doitsujin/dxvk,"        Vulkan-based implementation of D3D9, D3D10 and D3D11 for Linux / Wine
      ",https://github.com/doitsujin/dxvk
gameprogcpp/code,        ,https://github.com/gameprogcpp/code
tomlooman/EpicSurvivalGame,        Third-person Survival ,https://github.com/tomlooman/EpicSurvivalGame
jMonkeyEngine/jmonkeyengine,        A complete 3-D ,https://github.com/jMonkeyEngine/jmonkeyengine
a-little-org-called-mario/a-little-game-called-mario,        open source collective hell ,https://github.com/a-little-org-called-mario/a-little-game-called-mario
pond3r/ggpo,        Good ,https://github.com/pond3r/ggpo
PistonDevelopers/piston,        A modular ,https://github.com/PistonDevelopers/piston
ncase/trust,        An interactive guide to the ,https://github.com/ncase/trust
chrismaltby/gb-studio,        A quick and easy to use drag and drop retro ,https://github.com/chrismaltby/gb-studio
anxdpanic/plugin.video.twitch,        Watch your favorite ,https://github.com/anxdpanic/plugin.video.twitch
JosefZIla/bash2048,        Bash implementation of 2048 ,https://github.com/JosefZIla/bash2048
LoveDaisy/tetris_game,        A Tetris ,https://github.com/LoveDaisy/tetris_game
googleforgames/open-match,"        Flexible, extensible, and scalable video ",https://github.com/googleforgames/open-match
straker/kontra,        A lightweight JavaScript ,https://github.com/straker/kontra
thomaspark/gridgarden,        A ,https://github.com/thomaspark/gridgarden
sarveshchavan7/Quiz-Game,        Multiple choice questions answer ,https://github.com/sarveshchavan7/Quiz-Game
lassedds/Melonloader-Anime,        Melonloader for a popular anime styled ,https://github.com/lassedds/Melonloader-AnimeGaming
patorjk/JavaScript-Snake,        The ,https://github.com/patorjk/JavaScript-Snake
EllanJiang/GameFramework,        This is literally a ,https://github.com/EllanJiang/GameFramework
quark-dev-team/quarkjs,        An HTML5 ,https://github.com/quark-dev-team/quarkjs
RolandasRazma/iLabyrinth,        iOS ,https://github.com/RolandasRazma/iLabyrinth
xxiaofeng132/Gigabyte-Z390M-,        Hackintosh: Gigabyte Z390M ,https://github.com/xxiaofeng132/Gigabyte-Z390M-Gaming-Hackintosh
ryanb/ruby-warrior,        ,https://github.com/ryanb/ruby-warrior
Gforcex/OpenGraphic,        Graphic Engine & ,https://github.com/Gforcex/OpenGraphic
cocos-creator/tutorial-blackjack-deprecated,        Blackjack ,https://github.com/cocos-creator/tutorial-blackjack-deprecated
FreezingMoon/AncientBeast,        Turn Based Strategy ,https://github.com/FreezingMoon/AncientBeast
hxt365/Cope,        A cloud-based ,https://github.com/hxt365/CopeGaming
BayatGames/RedRunner,"        Red Runner, Awesome Platformer ",https://github.com/BayatGames/RedRunner
Gamelab-Istanbul/NgdroidApp,        Android framework for ,https://github.com/Gamelab-Istanbul/NgdroidApp
pioneerspacesim/pioneer,        A ,https://github.com/pioneerspacesim/pioneer
libratbag/libratbag,"        A DBus daemon to configure input devices, mainly high-end and ",https://github.com/libratbag/libratbag
olistic/warriorjs,        ,https://github.com/olistic/warriorjs
barijaona/CLOVER_GA-Z170X-,        EFI/CLOVER for Gigabyte Z170X-,https://github.com/barijaona/CLOVER_GA-Z170X-Gaming5
BrushXue/Z170i-Pro-,        An OpenCore guide for ASUS Z170i Pro ,https://github.com/BrushXue/Z170i-Pro-Gaming-OpenCore
Irrelon/ige,        The Isogenic ,https://github.com/Irrelon/ige
wayou/t-rex-runner,        the t-rex runner ,https://github.com/wayou/t-rex-runner
endrift/gbajs,        ,https://github.com/endrift/gbajs
xtaci/gonet,        A ,https://github.com/xtaci/gonet
watabou/PD-classes,        Simple ,https://github.com/watabou/PD-classes
digitalfruit/limejs,        HTML5 ,https://github.com/digitalfruit/limejs
bluehexagons/foodguide,"        Don't Starve Food Guide
      ",https://github.com/bluehexagons/foodguide
Planimeter/game-engine-2d,        Planimeter ,https://github.com/Planimeter/game-engine-2d
cuberite/cuberite,"        A lightweight, fast and extensible ",https://github.com/cuberite/cuberite
SebLague/Path-Creator,        Path creation asset for Unity ,https://github.com/SebLague/Path-Creator
mir-diablo-ii-tools/Slash,"        A project aimed at modding Diablo II to support any resolution.
      ",https://github.com/mir-diablo-ii-tools/SlashGaming-Diablo-II-Free-Resolution
screeps/screeps,        A standalone server for programming ,https://github.com/screeps/screeps
zeropingheroes/lanager,"        LAN party management web application
      ",https://github.com/zeropingheroes/lanager
killop/anything_about_game,        A wonderful list of ,https://github.com/killop/anything_about_game
hajimehoshi/ebiten,        Ebitengine - A dead simple 2D ,https://github.com/hajimehoshi/ebiten
devonjones/OpenForge,        Dwarven forge compatible ,https://github.com/devonjones/OpenForge
simon987/Much-Assembly-Required,        Assembly programming ,https://github.com/simon987/Much-Assembly-Required
sromku/memory-game,        Simple and beautiful memory ,https://github.com/sromku/memory-game
yeetzone/docker-dontstarvetogether,"        Dockerfile for building a Don't Starve Together dedicated server image.
      ",https://github.com/yeetzone/docker-dontstarvetogether
orx/orx,        ORX: Portable ,https://github.com/orx/orx
ViGEm/HidHide,        ,https://github.com/ViGEm/HidHide
kubowania/memory-game,"        JavaScript, HTML and CSS grid-based ",https://github.com/kubowania/memory-game
g3n/engine,        Go 3D ,https://github.com/g3n/engine
SubnauticaNitrox/Nitrox,"        An open-source, multiplayer modification for the ",https://github.com/SubnauticaNitrox/Nitrox
Hextris/hextris,        Fast paced HTML5 puzzle ,https://github.com/Hextris/hextris
00-Evan/shattered-pixel-dungeon,        Traditional roguelike ,https://github.com/00-Evan/shattered-pixel-dungeon
xuhao1/FOXTracker,        Facial Head Pose Tracker for ,https://github.com/xuhao1/FOXTracker
bloominstituteoftechnology/CS-Build-Week-1,        Conway's ,https://github.com/bloominstituteoftechnology/CS-Build-Week-1
pytorch/ELF,        ELF: a platform for ,https://github.com/pytorch/ELF
exthmui-legacy/android_packages_apps_,NULL,https://github.com/exthmui-legacy/android_packages_apps_GamingMode
magcius/noclip.website,        A digital museum of video ,https://github.com/magcius/noclip.website
xaya/xaya,        XAYA - Opensource Blockchain ,https://github.com/xaya/xaya
Qfusion/qfusion,        Source code for cross-platform OpenGL ,https://github.com/Qfusion/qfusion
Timwi/KtaneContent,        Contains all the content hosted on ,https://github.com/Timwi/KtaneContent
oakes/play-clj,        A Clojure ,https://github.com/oakes/play-clj
gmh5225/awesome-game-security,        awesome ,https://github.com/gmh5225/awesome-game-security
AllThingsSmitty/jquery-tips-everyone-should-know,        A collection of tips to help up your jQuery ,https://github.com/AllThingsSmitty/jquery-tips-everyone-should-know
tasdikrahman/spaceShooter,        :video_,https://github.com/tasdikrahman/spaceShooter
ArchanaSharikalHarinarayanan/Rotating-the-,NULL,https://github.com/ArchanaSharikalHarinarayanan/Rotating-the-Gaming-Object
slundberg/shap,        A ,https://github.com/slundberg/shap
hugoam/toy,        the thin c++ ,https://github.com/hugoam/toy
sezanzeb/input-remapper,        ,https://github.com/sezanzeb/input-remapper
nihalahmed/GameCenterManager,        iOS ,https://github.com/nihalahmed/GameCenterManager
scottcgi/Mojoc,"        A cross-platform, open-source, pure C ",https://github.com/scottcgi/Mojoc
HabitRPG/habitica,        A habit tracker app which treats your goals like a Role Playing ,https://github.com/HabitRPG/habitica
CleverRaven/Cataclysm-DDA,        Cataclysm - Dark Days Ahead. A turn-based survival ,https://github.com/CleverRaven/Cataclysm-DDA
utilForever/game-developer-roadmap,        Roadmap to becoming a ,https://github.com/utilForever/game-developer-roadmap
Sagelt/Dungeon-World,        A tabletop roleplaying ,https://github.com/Sagelt/Dungeon-World
makersacademy/rps-challenge,        Create the Rock Paper Scissors ,https://github.com/makersacademy/rps-challenge
uberspot/2048-android,        The android port of the 2048 ,https://github.com/uberspot/2048-android
Klairm/Linux-,"        A python script which allow users to install drivers and programs of utility and be able to play games on Linux
      ",https://github.com/Klairm/Linux-Gaming-Setup
jojoee/phaser-examples,        :video_,https://github.com/jojoee/phaser-examples
adriengivry/Overload,        3D ,https://github.com/adriengivry/Overload
volcoma/EtherealEngine,        C++ ,https://github.com/volcoma/EtherealEngine
ninjabunny/KodeNames,        KodeNames ,https://github.com/ninjabunny/KodeNames
cocos-creator/cocos-tutorial-first-game,        Quick start ,https://github.com/cocos-creator/cocos-tutorial-first-game
etorth/mir2x,        open source MMORPG ,https://github.com/etorth/mir2x
ndeadly/MissionControl,"        Use controllers from other consoles natively on your Nintendo Switch via Bluetooth. No dongles or other external hard…
      ",https://github.com/ndeadly/MissionControl
LinuxCafeFederation/awesome-gnu-linux-,"        A curated list of awesome GNU/Linux tips & tricks, games, tools, and resources - Mirrored from: ",https://github.com/LinuxCafeFederation/awesome-gnu-linux-gaming
ThusSpokeNomad/GameNetworkingResources,        A Curated List of ,https://github.com/ThusSpokeNomad/GameNetworkingResources
not-fl3/macroquad,        Cross-platform ,https://github.com/not-fl3/macroquad
pacampbell/Game,        Java 2D ,https://github.com/pacampbell/Game
tutsplus/,        Source Files for the Tuts+ Course: ,https://github.com/tutsplus/Gaming-With-EaselJS
sandraisrael/Memory-Game-fend,        Memory ,https://github.com/sandraisrael/Memory-Game-fend
bberak/react-native-game-engine,        A lightweight ,https://github.com/bberak/react-native-game-engine
ruscoe/Android-Tile-Based-Game,        :video_,https://github.com/ruscoe/Android-Tile-Based-Game
LiuJi-Jim/h5pal,        A ,https://github.com/LiuJi-Jim/h5pal
serenity-valley/game,        A simple ,https://github.com/serenity-valley/game
spider-hand/Geoguess-Master,        Free geoguess ,https://github.com/spider-hand/Geoguess-Master
jakowskidev/uMario_Jakowski,        uMario C++/SDL2 ,https://github.com/jakowskidev/uMario_Jakowski
ekelokorpi/panda-engine,        Panda Engine - HTML5 ,https://github.com/ekelokorpi/panda-engine
code-sketch/memory-game,        Memory card ,https://github.com/code-sketch/memory-game
jakowskidev/uMario_Jakowski,        uMario C++/SDL2 ,https://github.com/jakowskidev/uMario_Jakowski
ggez/ggez,        Rust library to create a Good ,https://github.com/ggez/ggez
fenomas/noa,        Experimental voxel ,https://github.com/fenomas/noa
zeroruka/GI-Assets,"        Character textures, models and mods for a certain anime ",https://github.com/zeroruka/GI-Assets
solana-labs/break,        Break Solana ,https://github.com/solana-labs/break
lxgr-linux/pokete,        A terminal based Pokemon like ,https://github.com/lxgr-linux/pokete
RanvierMUD/ranviermud,        A node.js based MUD ,https://github.com/RanvierMUD/ranviermud
HackerPoet/Composer,        Generates video ,https://github.com/HackerPoet/Composer
Xmingbai/ASUS-TUF-,NULL,https://github.com/Xmingbai/ASUS-TUF-GAMING-B660M-PLUS-Wi-Fi-D4-Hackintosh
flozz/rivalcfg,        CLI tool and Python library to configure SteelSeries ,https://github.com/flozz/rivalcfg
mjhbell/node-poker,        Texas Holdem ,https://github.com/mjhbell/node-poker
ddnet/ddnet,"        DDraceNetwork, a free cooperative platformer ",https://github.com/ddnet/ddnet
NITDgpOS/AirHockey,        Air Hockey ,https://github.com/NITDgpOS/AirHockey
eva-engine/eva.js,        Eva.js is a front-end ,https://github.com/eva-engine/eva.js
xiaonanln/goworld,        Scalable Distributed ,https://github.com/xiaonanln/goworld
deltakosh/MVA3DHTML5GameDev,        ,https://github.com/deltakosh/MVA3DHTML5GameDev
Kill-Console/PythonShootGame,        A simple shoot ,https://github.com/Kill-Console/PythonShootGame
efroemling/ballistica,        The BombSquad ,https://github.com/efroemling/ballistica
JakeLin/SaveTheDot,        A ,https://github.com/JakeLin/SaveTheDot
pan1kt/,NULL,https://github.com/pan1kt/GamingTweaks
iliketomakestuff/,        Runs simple keypad based LED system for ,https://github.com/iliketomakestuff/gamingTable
git-learning-game/oh-my-git,        An interactive Git learning ,https://github.com/git-learning-game/oh-my-git
gaucho-matrero/altoclef,        Plays block ,https://github.com/gaucho-matrero/altoclef
kubowania/Tetris,        A vanilla javascript ,https://github.com/kubowania/Tetris
ppb/pursuedpybear,        A python ,https://github.com/ppb/pursuedpybear
icexin/gocraft,        A Minecraft like ,https://github.com/icexin/gocraft
llooker/,NULL,https://github.com/llooker/gaming_analytics_block
haqu/tiny-wings,        Remake of the popular iPhone ,https://github.com/haqu/tiny-wings
nullpomino/nullpomino,         An action puzzle ,https://github.com/nullpomino/nullpomino
GoogleCloudPlatform/memstore-,NULL,https://github.com/GoogleCloudPlatform/memstore-gaming-leaderboard
luin/CodeGame,        ,https://github.com/luin/CodeGame
Wargus/stratagus,        The Stratagus strategy ,https://github.com/Wargus/stratagus
Mesokrix/Vanilla-Upgraded,        A mod that will boost your ,https://github.com/Mesokrix/Vanilla-Upgraded
KilledByAPixel/LittleJS,        The Tiny JavaScript ,https://github.com/KilledByAPixel/LittleJS
yicaoyimuys/EgretGameEngine,        A ,https://github.com/yicaoyimuys/EgretGameEngine
JosefNemec/Playnite,        Video ,https://github.com/JosefNemec/Playnite
mcgrew/dwrandomizer,"        A randomizer for Dragon Warrior 1 for NES. Compatible with Windows, Mac OS, and Linux.
      ",https://github.com/mcgrew/dwrandomizer
evepraisal/go-evepraisal,"        the code that powers evepraisal.com
      ",https://github.com/evepraisal/go-evepraisal
dungeon-revealer/dungeon-revealer,        A web app for tabletop ,https://github.com/dungeon-revealer/dungeon-revealer
lincity-ng/lincity-ng,        City Simulation ,https://github.com/lincity-ng/lincity-ng
facebookresearch/ELF,"        An End-To-End, Lightweight and Flexible Platform for ",https://github.com/facebookresearch/ELF
octokatherine/word-master,        A Mastermind-like word guessing ,https://github.com/octokatherine/word-master
ByteLegend/ByteLegend,        Enjoy programming while playing a ,https://github.com/ByteLegend/ByteLegend
NetEaseGame/ATX,"        Smart phone automation tool. Support iOS, Android, WebApp and ",https://github.com/NetEaseGame/ATX
Revadike/epicgames-freebies-claimer,        Claim available free ,https://github.com/Revadike/epicgames-freebies-claimer
dionyziz/canvas-tetris,        A 2D tetris ,https://github.com/dionyziz/canvas-tetris
andreiapostoae/dota2-predictor,        Tool that predicts the outcome of a Dota 2 ,https://github.com/andreiapostoae/dota2-predictor
ericoporto/fgmk,        Retro RPG ,https://github.com/ericoporto/fgmk
PrimaryFeather/Sparrow-Framework,        The Open Source ,https://github.com/PrimaryFeather/Sparrow-Framework
Unity-Technologies/com.unity.services.samples.use-cases,        The collection of samples in this repo use Unity ,https://github.com/Unity-Technologies/com.unity.services.samples.use-cases
lonng/nano,"        Lightweight, facility, high performance golang based ",https://github.com/lonng/nano
darklinkpower/PlayniteExtensionsCollection,"        Collection of extensions made for Playnite.
      ",https://github.com/darklinkpower/PlayniteExtensionsCollection
onaluf/gameQuery,        a javascript ,https://github.com/onaluf/gameQuery
ajanata/PretendYoureXyzzy,        A web clone of the card ,https://github.com/ajanata/PretendYoureXyzzy
dlresende/extreme-carpaccio,        Slicing and coding ,https://github.com/dlresende/extreme-carpaccio
AntiMicroX/antimicrox,"        Graphical program used to map keyboard buttons and mouse controls to a gamepad. Useful for playing games with no game…
      ",https://github.com/AntiMicroX/antimicrox
faiface/pixel,        A hand-crafted 2D ,https://github.com/faiface/pixel
MicrosoftDX/nether,        Building blocks for ,https://github.com/MicrosoftDX/nether
janbodnar/Java-Snake-Game,        Java Snake ,https://github.com/janbodnar/Java-Snake-Game
timlindquist/Nintimdo-RP,        Raspberry Pi ,https://github.com/timlindquist/Nintimdo-RP
duanhf2012/origin,        A ,https://github.com/duanhf2012/origin
pmotschmann/Evolve,        An incremental ,https://github.com/pmotschmann/Evolve
increpare/PuzzleScript,        Open Source HTML5 Puzzle ,https://github.com/increpare/PuzzleScript
slembcke/Chipmunk2D,        A fast and lightweight 2D ,https://github.com/slembcke/Chipmunk2D
freebsdgirl/ggautoblocker,        Good ,https://github.com/freebsdgirl/ggautoblocker
oyachai/HearthSim,        Generic Hearthstone ,https://github.com/oyachai/HearthSim
jakesgordon/javascript-racer,        How to build an outrun-style racing ,https://github.com/jakesgordon/javascript-racer
love2d/love,        LÖVE is an awesome 2D ,https://github.com/love2d/love
tamilpp25/Grasscutter_Resources,        Certain anime ,https://github.com/tamilpp25/Grasscutter_Resources
OpenXRay/xray-16,"        Improved version of the X-Ray Engine, the ",https://github.com/OpenXRay/xray-16
ChineseDron/fruit-ninja,        the fruit ninja ,https://github.com/ChineseDron/fruit-ninja
name5566/leafserver,        A ,https://github.com/name5566/leafserver
iamkun/tower_game,        ,https://github.com/iamkun/tower_game
unlightcpa/Unlight,        Unlight Browser Card ,https://github.com/unlightcpa/Unlight
OpenAngelArena/oaa,        A really great Dota 2 ,https://github.com/OpenAngelArena/oaa
ppy/osu-framework,        A ,https://github.com/ppy/osu-framework
Interrupt/delverengine,        Delver ,https://github.com/Interrupt/delverengine
zorgiepoo/Bit-Slicer,        Universal ,https://github.com/zorgiepoo/Bit-Slicer
1161474617/xiaomi,"        小米游戏本8代U 的macPS BigSur 黑苹果EFI
      ",https://github.com/1161474617/xiaomiGaming8th11_12_13
KC3Kai/KC3Kai,        Kantai Collection ,https://github.com/KC3Kai/KC3Kai
nihgwu/react-native-sudoku,        a sudoku ,https://github.com/nihgwu/react-native-sudoku
spritewidget/spaceblast,        Demo ,https://github.com/spritewidget/spaceblast
FyroxEngine/Fyrox,        3D and 2D ,https://github.com/FyroxEngine/Fyrox
TheWizWikii/WIKISTORE,        App/,https://github.com/TheWizWikii/WIKISTORE
CTurt/Cinoop,        Multiplatform ,https://github.com/CTurt/Cinoop
linthesia/linthesia,        Linthesia is a ,https://github.com/linthesia/linthesia
pjburnhill/xbox-cloud-,        Native wrapper for Xbox Cloud ,https://github.com/pjburnhill/xbox-cloud-gaming-wrapper
microsoft/pxt-arcade,        Arcade ,https://github.com/microsoft/pxt-arcade
cubei/FlappyCow,        Android ,https://github.com/cubei/FlappyCow
rohitjamwal62/,NULL,https://github.com/rohitjamwal62/Gaming-Magzine
NicoD-SBC/armbian-,        Tool to install ,https://github.com/NicoD-SBC/armbian-gaming
sharkdp/cube-composer,        A puzzle ,https://github.com/sharkdp/cube-composer
oldrich-s/musicope,        The Piano ,https://github.com/oldrich-s/musicope
felixmariotto/Edelweiss,        Platformer ,https://github.com/felixmariotto/Edelweiss
wqh0109663/Gigabyte-Z390-,        Gigabyte-Z390-,https://github.com/wqh0109663/Gigabyte-Z390-Gaming-X-Hackintosh
Unity-Technologies/com.unity.services.samples,        A collection of working examples of Unity ,https://github.com/Unity-Technologies/com.unity.services.samples
shakiba/stage.js,        2D HTML5 rendering and layout engine for ,https://github.com/shakiba/stage.js
cloudfreexiao/RillServer,        skynet ,https://github.com/cloudfreexiao/RillServer
playcanvas/engine,        Fast and lightweight JavaScript ,https://github.com/playcanvas/engine
PrincessAkira/Use-,        This Guide describes the Correct Usage for CHEF-KOCHS ,https://github.com/PrincessAkira/Use-Gaming-Tweaks
beaucarnes/unity_fps,        Project and asset files for FPS Unity ,https://github.com/beaucarnes/unity_fps
angband/angband,"        A free, single-player roguelike dungeon exploration ",https://github.com/angband/angband
dhewm/dhewm3,"        dhewm 3 main repository
      ",https://github.com/dhewm/dhewm3
sniperHW/Survive,        a smartphone online ,https://github.com/sniperHW/Survive
Arcticjs/Arctic.js,        HTML5 ,https://github.com/Arcticjs/Arctic.js
renshan/SLG,        SLG ,https://github.com/renshan/SLG
Hush-vv/ASRock-Z390-Phantom-,"        停更
      ",https://github.com/Hush-vv/ASRock-Z390-Phantom-Gaming-ITXac-OpenCore-Hackintosh
thinkpixellab/agent8ball,        An HTML5 Pool ,https://github.com/thinkpixellab/agent8ball
Autocrit/Asus-ROG-STRIX-H370-I-,        Asus ROG STRIX H370-I ,https://github.com/Autocrit/Asus-ROG-STRIX-H370-I-GAMING-Hackintosh-Guide
HeliumProject/Engine,        C++ ,https://github.com/HeliumProject/Engine
Autocrit/Asus-ROG-STRIX-H370-I-,        Asus ROG STRIX H370-I ,https://github.com/Autocrit/Asus-ROG-STRIX-H370-I-GAMING-Hackintosh-Guide
tentone/nunuStudio,"        Web powered cross-platform 3D, WebXR ",https://github.com/tentone/nunuStudio
icela/FriceEngine,        :video_,https://github.com/icela/FriceEngine
DyegoCosta/snake-game,        Terminal-based Snake ,https://github.com/DyegoCosta/snake-game
iniside/ActionRPGGame,        Unreal Engine 4 Action RPG type ,https://github.com/iniside/ActionRPGGame
KorokEngine/Korok,        korok.io - golang ,https://github.com/KorokEngine/Korok
ezEngine/ezEngine,        An open source C++ ,https://github.com/ezEngine/ezEngine
cmacdougald/GAME2338,        ,https://github.com/cmacdougald/GAME2338
PufferPanel/PufferPanel,        PufferPanel is an open source ,https://github.com/PufferPanel/PufferPanel
vzhou842/example-.io-game,        An example multiplayer (.io) web ,https://github.com/vzhou842/example-.io-game
SimonLarsen/mrrescue,        Arcade-style fire fighting ,https://github.com/SimonLarsen/mrrescue
libcg/grvk,"        Vulkan-based Mantle API implementation (WIP)
      ",https://github.com/libcg/grvk
coronalabs/corona,        Solar2D ,https://github.com/coronalabs/corona
pokepetter/ursina,        A ,https://github.com/pokepetter/ursina
sunag/sea3d,        An open-source format and tools for ,https://github.com/sunag/sea3d
gameplay3d/gameplay,"        Open-source, cross-platform, C++ ",https://github.com/gameplay3d/gameplay
moddio/taro,        HTML5 multiplayer ,https://github.com/moddio/taro
TobiasBielefeld/Simple-Solitaire,        [Android] Simple Solitaire ,https://github.com/TobiasBielefeld/Simple-Solitaire
Sleitnick/Knit,        Lightweight ,https://github.com/Sleitnick/Knit
EllanJiang/StarForce,        This is a demo made with ,https://github.com/EllanJiang/StarForce
Ephenia/Pokeclicker-Scripts,        Various scripts & enhancements for the ,https://github.com/Ephenia/Pokeclicker-Scripts
ChimeraOS/chimeraos,        A Steam Big Picture based couch ,https://github.com/ChimeraOS/chimeraos
ogarcia/opensudoku,        Open Source Sudoku ,https://github.com/ogarcia/opensudoku
amazon-archives/,"        A methodology to allow customers to ingest, store, and analyze gameplay telemetry in near real-time.
      ",https://github.com/amazon-archives/gaming-analytics-pipeline
mkiisoft/taphero,        Tap Hero ,https://github.com/mkiisoft/taphero
Germanunkol/trAInsported,        Löve2D ,https://github.com/Germanunkol/trAInsported
JimmieKJ/unrealTournament,        unrealTournament ,https://github.com/JimmieKJ/unrealTournament
EllanJiang/UnityGameFramework,        This is literally a ,https://github.com/EllanJiang/UnityGameFramework
jasonrohrer/OneLife,        a multiplayer survival ,https://github.com/jasonrohrer/OneLife
techwithtim/Snake-Game,        The classic snake ,https://github.com/techwithtim/Snake-Game
Cytoid/Cytoid,        A community-driven touchscreen music ,https://github.com/Cytoid/Cytoid
pratik227/quasar-,        Free Quasar ,https://github.com/pratik227/quasar-gaming
turbulenz/gargantia_editor,        Gargantia ,https://github.com/turbulenz/gargantia_editor
tobspr-games/shapez.io,        shapez is an open source base building ,https://github.com/tobspr-games/shapez.io
devrsi0n/React-2048-game,        :video_,https://github.com/devrsi0n/React-2048-game
kubowania/whac-a-mole,        Vanilla JavaScript ,https://github.com/kubowania/whac-a-mole
GarageGames/Torque2D,        MIT Licensed Open Source version of Torque 2D ,https://github.com/GarageGames/Torque2D
anuranBarman/2048,        Famous 2048 ,https://github.com/anuranBarman/2048
SERG-Delft/jpacman-framework,        Pacman-inspired ,https://github.com/SERG-Delft/jpacman-framework
jubalh/nudoku,        ncurses based sudoku ,https://github.com/jubalh/nudoku
wheybags/freeablo,        Modern reimplementation of the Diablo 1 ,https://github.com/wheybags/freeablo
noio/kingdom,        A minimal ,https://github.com/noio/kingdom
SpruceGabriela/snake-the-game,        A simple JS snake ,https://github.com/SpruceGabriela/snake-the-game
amzeratul/halley,        A lightweight ,https://github.com/amzeratul/halley
hansquirrel/IOShootGameDemo,        a demo for IO ,https://github.com/hansquirrel/IOShootGameDemo
BabylonJS/Babylon.js,"        Babylon.js is a powerful, beautiful, simple, and open ",https://github.com/BabylonJS/Babylon.js
pdpdds/CGSF,        Online ,https://github.com/pdpdds/CGSF
hiloteam/Hilo,        A Cross-end HTML5 ,https://github.com/hiloteam/Hilo
BazkieBumpercar/GameplayFootball,        Football ,https://github.com/BazkieBumpercar/GameplayFootball
ManlyMarco/RuntimeUnityEditor,        In-,https://github.com/ManlyMarco/RuntimeUnityEditor
okaybenji/text-engine,        A browser-based text adventure ,https://github.com/okaybenji/text-engine
martinwells/objects.js,        Core class tools and object pooling for high-performance ,https://github.com/martinwells/objects.js
WordsetterFak/Discord.py-,        Discord.py ,https://github.com/WordsetterFak/Discord.py-Gaming-Bot
kellyk/javascript-simon,        Simon Says ,https://github.com/kellyk/javascript-simon
jmorton06/Lumos,        Cross-Platform C++ 2D/3D ,https://github.com/jmorton06/Lumos
photonstorm/phaser-examples,        Contains hundreds of source code examples and related media for the Phaser HTML5 ,https://github.com/photonstorm/phaser-examples
ianmaclarty/amulet,        lua ,https://github.com/ianmaclarty/amulet
jakesgordon/javascript-gauntlet,        An HTML5 Gauntlet-style ,https://github.com/jakesgordon/javascript-gauntlet
fztcjjl/metoo,        A ,https://github.com/fztcjjl/metoo
gonet2/game,        a ,https://github.com/gonet2/game
Maruno17/pokemon-essentials,        A heavily modified RPG Maker XP ,https://github.com/Maruno17/pokemon-essentials
Open-Source-Community/TanksAlgo,         a web ,https://github.com/Open-Source-Community/TanksAlgo
cnlohr/noeuclid,        Non-euclidean GPU Raytraced ,https://github.com/cnlohr/noeuclid
swarm-game/swarm,        Resource gathering + programming ,https://github.com/swarm-game/swarm
TheInvader360/libgdx-gameservices-tutorial,        :video_,https://github.com/TheInvader360/libgdx-gameservices-tutorial
hzoo/awesome-gametalks,        ,https://github.com/hzoo/awesome-gametalks
Igoorx/PyRoyale,        A open-source server emulator for Mario Royale browser ,https://github.com/Igoorx/PyRoyale
hpyhacking/openpoker,        Genesis Texas hold'em ,https://github.com/hpyhacking/openpoker
fi-content2-games-platform/FIcontent.,        ,https://github.com/fi-content2-games-platform/FIcontent.Gaming.Enabler.GameSynchronization
cheat-sheets/game-theory-cheat-sheet,        ,https://github.com/cheat-sheets/game-theory-cheat-sheet
tickbh/tunm,        ,https://github.com/tickbh/tunm
gosu/gosu,        2D ,https://github.com/gosu/gosu
ErLinErYi/PlantsVsZombies,        PlantsVsZombies ,https://github.com/ErLinErYi/PlantsVsZombies
jedi4ever/gditc,        ,https://github.com/jedi4ever/gditc
Bletch1971/ServerManagers,        A manager for different steam ,https://github.com/Bletch1971/ServerManagers
JoshParnell/libphx,        Phoenix ,https://github.com/JoshParnell/libphx
facebookarchive/RakNet,"        RakNet is a cross platform, open source, C++ networking engine for ",https://github.com/facebookarchive/RakNet
performous/performous,        An open-source music and rhythm ,https://github.com/performous/performous
Legion-Expansion/Legion-Expansion,"        Legion Expansion Mod for Planetary Annihilation
      ",https://github.com/Legion-Expansion/Legion-Expansion
okaybenji/text-engine,        A browser-based text adventure ,https://github.com/okaybenji/text-engine
martinwells/objects.js,        Core class tools and object pooling for high-performance ,https://github.com/martinwells/objects.js
yoannmoinet/nipplejs,        :video_,https://github.com/yoannmoinet/nipplejs
WordsetterFak/Discord.py-,        Discord.py ,https://github.com/WordsetterFak/Discord.py-Gaming-Bot
kellyk/javascript-simon,        Simon Says ,https://github.com/kellyk/javascript-simon
jmorton06/Lumos,        Cross-Platform C++ 2D/3D ,https://github.com/jmorton06/Lumos
photonstorm/phaser-examples,        Contains hundreds of source code examples and related media for the Phaser HTML5 ,https://github.com/photonstorm/phaser-examples
ianmaclarty/amulet,        lua ,https://github.com/ianmaclarty/amulet
jakesgordon/javascript-gauntlet,        An HTML5 Gauntlet-style ,https://github.com/jakesgordon/javascript-gauntlet
fztcjjl/metoo,        A ,https://github.com/fztcjjl/metoo
gonet2/game,        a ,https://github.com/gonet2/game
syauqi/gameina,        ,https://github.com/syauqi/gameina
wojtekadams/Mi-,        Translations for Mi ,https://github.com/wojtekadams/Mi-Gaming-Headset-Translations
waltheri/wgo.js,        JavaScript library for ,https://github.com/waltheri/wgo.js
sparticle999/SpaceCompany,        An incremental ,https://github.com/sparticle999/SpaceCompany
ps2homebrew/Open-PS2-Loader,        ,https://github.com/ps2homebrew/Open-PS2-Loader
jeromeetienne/threex,        ,https://github.com/jeromeetienne/threex
codeschool-projects/CodeBreakerProject,        Code Breaker: Challenge Friends with a ,https://github.com/codeschool-projects/CodeBreakerProject
UnderwaterApps/overlap2d,        Overlap2D ,https://github.com/UnderwaterApps/overlap2d
NotCoffee418/TrinityCreator,"        This tool allows you to easily create items, creatures and quests for TrinityCore 3.3.5a.
      ",https://github.com/NotCoffee418/TrinityCreator
fabiensanglard/gebbdoom,        ,https://github.com/fabiensanglard/gebbdoom
pointfreeco/isowords,        Open source ,https://github.com/pointfreeco/isowords
billy1arm/Vanilla,NULL,https://github.com/billy1arm/VanillaGaming
jpsim/CardsAgainst,        An iOS ,https://github.com/jpsim/CardsAgainst
pmndrs/racing-game,        ,https://github.com/pmndrs/racing-game
fbaiodias/phaser-multiplayer-game,        :video_,https://github.com/fbaiodias/phaser-multiplayer-game
nothings/obbg,        a block/voxel-based ,https://github.com/nothings/obbg
gcloudrig/gcloudrig,        Scripts to manage cloud ,https://github.com/gcloudrig/gcloudrig
Xmingbai/Asrock-Z490-Phantom-,NULL,https://github.com/Xmingbai/Asrock-Z490-Phantom-Gaming-ITX-TB3-Opencore
jmechner/Prince-of-Persia-Apple-II,        A running-jumping-swordfighting ,https://github.com/jmechner/Prince-of-Persia-Apple-II
MaxMraz/yarntown,        yarntown ,https://github.com/MaxMraz/yarntown
martindrapeau/backbone-game-engine,        HTML5 ,https://github.com/martindrapeau/backbone-game-engine
hajoxx/moneypot,        The social gambling ,https://github.com/hajoxx/moneypot
NeoFrag/NeoFrag,        Your turnkey ,https://github.com/NeoFrag/NeoFrag
lucky31044/Reality,NULL,https://github.com/lucky31044/RealityGaming
lansuite/lansuite,"        A Content Management System designed especially for the needs of LAN-Parties
      ",https://github.com/lansuite/lansuite
ArmageddonGames/ZQuestClassic,        ZQuest Classic is a ,https://github.com/ArmageddonGames/ZQuestClassic
wwwtyro/Astray,        A WebGL maze ,https://github.com/wwwtyro/Astray
mitallast/diablo-js,        Isometric minimal-code style ,https://github.com/mitallast/diablo-js
EdwardDunn/Platform-Game,        Javascript/HTML platform ,https://github.com/EdwardDunn/Platform-Game
ned0flanders/Cryptocoinopoly,        The Crypto trading ,https://github.com/ned0flanders/Cryptocoinopoly
hathora/builder,        Multiplayer ,https://github.com/hathora/builder
UnityKorea/ProjectKaya,        Project Kaya for mobile ,https://github.com/UnityKorea/ProjectKaya
AlexNisnevich/untrusted,        A meta-JavaScript adventure ,https://github.com/AlexNisnevich/untrusted
gszauer/GamePhysicsCookbook,        Source code for ,https://github.com/gszauer/GamePhysicsCookbook
Vepcz0069/Snake-mods,        mods for the google snake ,https://github.com/Vepcz0069/Snake-mods
pmgl/microstudio,"        Free, open source ",https://github.com/pmgl/microstudio
hiitiger/goverlay,        DirectX hook and ,https://github.com/hiitiger/goverlay
wmora/martianrun,        An Open-Source Running ,https://github.com/wmora/martianrun
mhgolkar/Arrow,        ,https://github.com/mhgolkar/Arrow
Bitsino/BitsinoDice,        Provably fair bitcoin dice ,https://github.com/Bitsino/BitsinoDice
johngrib/vim-game-code-break,        Block-breaking ,https://github.com/johngrib/vim-game-code-break
Yaro2709/New-Star,        Web. browser ,https://github.com/Yaro2709/New-Star
aws-samples/aws-,        This repository contains a sample Unity ,https://github.com/aws-samples/aws-gaming-unity-labs-sample
SteamDatabase/GameTracking-CSGO,        ,https://github.com/SteamDatabase/GameTracking-CSGO
spring/spring,        A powerful free cross-platform RTS ,https://github.com/spring/spring
kbeckmann/game-and-watch-retro-go,        Emulator collection for Nintendo® ,https://github.com/kbeckmann/game-and-watch-retro-go
googleforgames/agones,        Dedicated ,https://github.com/googleforgames/agones
her/uosteam,        :video_,https://github.com/her/uosteam
farin/JCloisterZone,        Java implementation of Carcassonne board ,https://github.com/farin/JCloisterZone
fegennari/3DWorld,        3D Procedural ,https://github.com/fegennari/3DWorld
1n9i9c7om/CATSBot,        A bot for the mobile ,https://github.com/1n9i9c7om/CATSBot
watson-developer-cloud/unity-sdk,        :video_,https://github.com/watson-developer-cloud/unity-sdk
huacyang/Unity3D,        2D Shooting ,https://github.com/huacyang/Unity3D
tomwillow/2048,"        No Ads, More Advanced 2048 ",https://github.com/tomwillow/2048
ggp-org/ggp-base,        The General ,https://github.com/ggp-org/ggp-base
chukong/SampleGame-FantasyWarrior3D,        A 3D sample ,https://github.com/chukong/SampleGame-FantasyWarrior3D
GeekyAnts/flutter-galaxy-game,        2D Flutter Galaxy ,https://github.com/GeekyAnts/flutter-galaxy-game
Mafrans/StadiaPlus,        Extends Google's Stadia ,https://github.com/Mafrans/StadiaPlus
GameServerManagers/LinuxGSM,"        The command-line tool for quick, simple deployment and management of Linux dedicated ",https://github.com/GameServerManagers/LinuxGSM
jakesgordon/javascript-snakes,        An HTML5 Snakes ,https://github.com/jakesgordon/javascript-snakes
UnityKorea/ProjectKaya,        Project Kaya for mobile ,https://github.com/UnityKorea/ProjectKaya
AlexNisnevich/untrusted,        A meta-JavaScript adventure ,https://github.com/AlexNisnevich/untrusted
gszauer/GamePhysicsCookbook,        Source code for ,https://github.com/gszauer/GamePhysicsCookbook
Vepcz0069/Snake-mods,        mods for the google snake ,https://github.com/Vepcz0069/Snake-mods
pmgl/microstudio,"        Free, open source ",https://github.com/pmgl/microstudio
hiitiger/goverlay,        DirectX hook and ,https://github.com/hiitiger/goverlay
wmora/martianrun,        An Open-Source Running ,https://github.com/wmora/martianrun
mhgolkar/Arrow,        ,https://github.com/mhgolkar/Arrow
Bitsino/BitsinoDice,        Provably fair bitcoin dice ,https://github.com/Bitsino/BitsinoDice
johngrib/vim-game-code-break,        Block-breaking ,https://github.com/johngrib/vim-game-code-break
aws-samples/aws-,        This repository contains a sample Unity ,https://github.com/aws-samples/aws-gaming-unity-labs-sample
Yaro2709/New-Star,        Web. browser ,https://github.com/Yaro2709/New-Star
1n9i9c7om/CATSBot,        A bot for the mobile ,https://github.com/1n9i9c7om/CATSBot
SteamDatabase/GameTracking-CSGO,        ,https://github.com/SteamDatabase/GameTracking-CSGO
spring/spring,        A powerful free cross-platform RTS ,https://github.com/spring/spring
kbeckmann/game-and-watch-retro-go,        Emulator collection for Nintendo® ,https://github.com/kbeckmann/game-and-watch-retro-go
googleforgames/agones,        Dedicated ,https://github.com/googleforgames/agones
farin/JCloisterZone,        Java implementation of Carcassonne board ,https://github.com/farin/JCloisterZone
her/uosteam,        :video_,https://github.com/her/uosteam
fegennari/3DWorld,        3D Procedural ,https://github.com/fegennari/3DWorld
watson-developer-cloud/unity-sdk,        :video_,https://github.com/watson-developer-cloud/unity-sdk
tomwillow/2048,"        No Ads, More Advanced 2048 ",https://github.com/tomwillow/2048
ggp-org/ggp-base,        The General ,https://github.com/ggp-org/ggp-base
chukong/SampleGame-FantasyWarrior3D,        A 3D sample ,https://github.com/chukong/SampleGame-FantasyWarrior3D
huacyang/Unity3D,        2D Shooting ,https://github.com/huacyang/Unity3D
Mafrans/StadiaPlus,        Extends Google's Stadia ,https://github.com/Mafrans/StadiaPlus
GeekyAnts/flutter-galaxy-game,        2D Flutter Galaxy ,https://github.com/GeekyAnts/flutter-galaxy-game
jakesgordon/javascript-snakes,        An HTML5 Snakes ,https://github.com/jakesgordon/javascript-snakes
GameServerManagers/LinuxGSM,"        The command-line tool for quick, simple deployment and management of Linux dedicated ",https://github.com/GameServerManagers/LinuxGSM
MonoGame/MonoGame.Samples,        A few cross-platform ,https://github.com/MonoGame/MonoGame.Samples
MonoGame/MonoGame.Samples,        A few cross-platform ,https://github.com/MonoGame/MonoGame.Samples
OpenTTD/OpenTTD,        OpenTTD is an open source simulation ,https://github.com/OpenTTD/OpenTTD
multitheftauto/mtasa-blue,        Multi Theft Auto is a ,https://github.com/multitheftauto/mtasa-blue
r-lyeh-archived/scriptorium,        ,https://github.com/r-lyeh-archived/scriptorium
dgkanatsios/FlappyBirdStyleGame,        Flappy Bird style ,https://github.com/dgkanatsios/FlappyBirdStyleGame
space-wizards/RobustToolbox,        Robust multiplayer ,https://github.com/space-wizards/RobustToolbox
PanosK92/SpartanEngine,        ,https://github.com/PanosK92/SpartanEngine
enigma-dev/enigma-dev,        The Extensible Non-Interpreted ,https://github.com/enigma-dev/enigma-dev
Mugen87/yuka,        JavaScript library for developing ,https://github.com/Mugen87/yuka
EQMG/Acid,        A high speed C++17 Vulkan ,https://github.com/EQMG/Acid
triplea-game/triplea,        TripleA is a turn based strategy ,https://github.com/triplea-game/triplea
mminer/consolation,        In-,https://github.com/mminer/consolation
nerdsinspace/nocom-explanation,        block ,https://github.com/nerdsinspace/nocom-explanation
0shuvo0/squidgame,        Red light green light ,https://github.com/0shuvo0/squidgame
hexadeciman/Snake,        A simple snake ,https://github.com/hexadeciman/Snake
MrJag/ghost,        Ghost (,https://github.com/MrJag/ghost
leftstick/vue-memory-game,        A tiny ,https://github.com/leftstick/vue-memory-game
Humpheh/goboy,        Multi-platform Nintendo ,https://github.com/Humpheh/goboy
bluefireteam/trex-flame,        Flutter port of the famous Trex ,https://github.com/bluefireteam/trex-flame
LWJGL/lwjgl,        [LEGACY] LWJGL 2.X - The Lightweight Java ,https://github.com/LWJGL/lwjgl
LWJGL/lwjgl,        [LEGACY] LWJGL 2.X - The Lightweight Java ,https://github.com/LWJGL/lwjgl
zhangbincheng1997/Game-Tricks,        ,https://github.com/zhangbincheng1997/Game-Tricks
uvipen/Tetris-deep-Q-learning-pytorch,        Deep Q-learning for playing tetris ,https://github.com/uvipen/Tetris-deep-Q-learning-pytorch
photonstorm/lazer,"        A fun, fast and free HTML5 ",https://github.com/photonstorm/lazer
Venerons/civis,        JavaScript 4X ,https://github.com/Venerons/civis
JohnEarnest/Mako,        A simple virtual ,https://github.com/JohnEarnest/Mako
uvipen/QuickDraw,         Implementation of Quickdraw - an online ,https://github.com/uvipen/QuickDraw
codepath/android_snake_game,        Simple 2D Snake ,https://github.com/codepath/android_snake_game
methusalah/OpenRTS,        Real-Time Strategy ,https://github.com/methusalah/OpenRTS
ikrima/gamedevguide,        ,https://github.com/ikrima/gamedevguide
abhibagul/MagZ-,        MagZ is a ,https://github.com/abhibagul/MagZ-Gaming-Free-Blogger-Template
Squalr/Squalr,        Squalr Memory Editor - ,https://github.com/Squalr/Squalr
triceam/PhoneGap-Legends,"        ""PhoneGap Legends"" is a proof of concept app demonstrating a fantasy/RPG ",https://github.com/triceam/PhoneGap-Legends
lgs3137/PAVILION_,"        暗影精灵I (15-ak039TX) for macOS Catalina & Mojave
      ",https://github.com/lgs3137/PAVILION_Gaming_NB-macOS
OnmyojiX/yyx,        ,https://github.com/OnmyojiX/yyx
FluXy/SMC,        An open source two-dimensional platform ,https://github.com/FluXy/SMC
michal-z/zig-gamedev,        Building ,https://github.com/michal-z/zig-gamedev
yeahrb/yeah,        Ruby video ,https://github.com/yeahrb/yeah
erfg12/memory.dll,        C# Hacking library for making PC ,https://github.com/erfg12/memory.dll
ArchipelagoMW/Archipelago,        Archipelago Multi-,https://github.com/ArchipelagoMW/Archipelago
tancredi/python-console-snake,        Lightweight snake ,https://github.com/tancredi/python-console-snake
ViGEm/Shibari,        ,https://github.com/ViGEm/Shibari
jamesroutley/24a2,        ,https://github.com/jamesroutley/24a2
ray-cp/vm-escape,        some interesting vm-escape ,https://github.com/ray-cp/vm-escape
UPBGE/upbge,"        UPBGE, the best integrated ",https://github.com/UPBGE/upbge
sstd521/RabbitGame,        A Rabbit ,https://github.com/sstd521/RabbitGame
blockchaingaming/BlockChain,        Blockchain ,https://github.com/blockchaingaming/BlockChainGaming
FinneyTang/TankBattle,        Demo for ,https://github.com/FinneyTang/TankBattle
ashbeech/moralis-phaser-demo,        Phaser simplifies ,https://github.com/ashbeech/moralis-phaser-demo
phinajs/phina.js,        phina.js is ,https://github.com/phinajs/phina.js
ippa/jaws,        Jaws - HTML5 canvas javascript 2D ,https://github.com/ippa/jaws
phinajs/phina.js,        phina.js is ,https://github.com/phinajs/phina.js
ZeroK-RTS/Zero-K,        Open source RTS ,https://github.com/ZeroK-RTS/Zero-K
mevdschee/2048.c,        Console version of the ,https://github.com/mevdschee/2048.c
attreyabhatt/Space-Invaders-Pygame,        Creating the ,https://github.com/attreyabhatt/Space-Invaders-Pygame
PardCode/CPP-3D-Game-Tutorial-Series,        C++ 3D ,https://github.com/PardCode/CPP-3D-Game-Tutorial-Series
PacktPublishing/Godot-Game-Engine-Projects,        Godot ,https://github.com/PacktPublishing/Godot-Game-Engine-Projects
superj80820/cloud-,NULL,https://github.com/superj80820/cloud-gaming
ChintanTrivedi/Deep,        A voice-assistant for the ,https://github.com/ChintanTrivedi/DeepGamingAI_FIFAVA
abramhindle/FillerCreepForAndroid,        A ,https://github.com/abramhindle/FillerCreepForAndroid
secretGeek/devShop,        the ,https://github.com/secretGeek/devShop
gurkenlabs/litiengine,        LITIENGINE ,https://github.com/gurkenlabs/litiengine
hiloteam/Sein.js,        Progressive web 3D ,https://github.com/hiloteam/Sein.js
geektcp/Namjagbarwa-wow,        wow ,https://github.com/geektcp/Namjagbarwa-wow
santhh/,        Sample implementation for a ,https://github.com/santhh/gaming-agones-demo
jeffreylancaster/game-of-thrones,        ,https://github.com/jeffreylancaster/game-of-thrones
omuanko/nnjhtrkn,        Famous Ninja ,https://github.com/omuanko/nnjhtrkn
unixzii/SwiftUI-2048,        A 2048 ,https://github.com/unixzii/SwiftUI-2048
juliangarnier/3D-Hartwig-chess-set,        3D chess ,https://github.com/juliangarnier/3D-Hartwig-chess-set
gamebytes/solutions-load-balanced-,NULL,https://github.com/gamebytes/solutions-load-balanced-gaming-server-on-google-compute-engine
sysrpl/Bare.Game,        An open source modern minimal ,https://github.com/sysrpl/Bare.Game
PandaTeemo/YoloMouse,        ,https://github.com/PandaTeemo/YoloMouse
NTaylorMullen/ShootR,        Multiplayer space ship ,https://github.com/NTaylorMullen/ShootR
bykvaadm/SuzenEscape,        ,https://github.com/bykvaadm/SuzenEscape
udacity/CppND-Capstone-Snake-Game,        A 2D Snake ,https://github.com/udacity/CppND-Capstone-Snake-Game
Unity-Technologies/com.unity.multiplayer.samples.coop,        A small-scale cooperative ,https://github.com/Unity-Technologies/com.unity.multiplayer.samples.coop
uralozden/flappy-bird,        Flappy Bird Browser ,https://github.com/uralozden/flappy-bird
balajmarius/commit4,        ,https://github.com/balajmarius/commit4
kivutar/tethical,        A tactical RPG engine with online ,https://github.com/kivutar/tethical
llfjfz/LiveRender,        A Cloud ,https://github.com/llfjfz/LiveRender
exmex/UnityMoba,        A moba phone ,https://github.com/exmex/UnityMoba
llfjfz/LiveRender,        A Cloud ,https://github.com/llfjfz/LiveRender
niemand-sec/DirectX11Hook,        Hooking ,https://github.com/niemand-sec/DirectX11Hook
hecrj/coffee,        An opinionated 2D ,https://github.com/hecrj/coffee
pterodactyl/panel,"        Pterodactyl® is a free, open-source ",https://github.com/pterodactyl/panel
aws-samples/cloud-,NULL,https://github.com/aws-samples/cloud-gaming-on-ec2-instances
Hyperparticle/nodulus,        Puzzle ,https://github.com/Hyperparticle/nodulus
Segs/Segs,        ,https://github.com/Segs/Segs
septag/rizz,        Small C ,https://github.com/septag/rizz
securas/Daemon-vs-Demon,        A Github ,https://github.com/securas/Daemon-vs-Demon
eoswindev/contract,        Play EOS ,https://github.com/eoswindev/contract
manishgautam30/,"        ""GamingZone"" is a Website for our Mini project-2 given during session 2020-2021 in 3rd year 6th semester under the Me…
      ",https://github.com/manishgautam30/GamingZone
annoyatron255/Game,        A Simple ,https://github.com/annoyatron255/Game
Segs/Segs,        ,https://github.com/Segs/Segs
mprat/Terminus,        Linux learning ,https://github.com/mprat/Terminus
Vextil/Wwise-Unpacker,        Unpack ,https://github.com/Vextil/Wwise-Unpacker
PolyMarsDev/Flappuccino,        A Pygame ,https://github.com/PolyMarsDev/Flappuccino
abrenaut/posio,        A multiplayer geography ,https://github.com/abrenaut/posio
xlgames-inc/XLE,"        XLE -- the ""hackable"" 3D ",https://github.com/xlgames-inc/XLE
Nuku/Flexible-Survival,        Flexible Survival is an Inform based text ,https://github.com/Nuku/Flexible-Survival
Nuku/Flexible-Survival,        Flexible Survival is an Inform based text ,https://github.com/Nuku/Flexible-Survival
fadden/android-breakout,        Breakout ,https://github.com/fadden/android-breakout
davidshrive/aws-ec2-,"        My modified scripts for running games from AWS EC2 instances
      ",https://github.com/davidshrive/aws-ec2-gaming-scripts
daattali/rasperry-pi-,        How to set up raspberry pi as a portable oldies ,https://github.com/daattali/rasperry-pi-gaming-console-setup
austinzheng/iOS-2048,        iOS drop-in library presenting a 2048-style ,https://github.com/austinzheng/iOS-2048
Gusabary/UNO,        Hooray! Card ,https://github.com/Gusabary/UNO
PhoebeJinx/itp-u4-c2-hangman-game,        Hangman ,https://github.com/PhoebeJinx/itp-u4-c2-hangman-game
pokerth/pokerth,        PokerTH is a poker ,https://github.com/pokerth/pokerth
davyxu/cellmesh,        ,https://github.com/davyxu/cellmesh
OpenRA/ra2,        A Red Alert 2 mod for the OpenRA ,https://github.com/OpenRA/ra2
davyxu/cellmesh,        ,https://github.com/davyxu/cellmesh
laserwave/reversi,        an android chess ,https://github.com/laserwave/reversi
nCine/nCine,        A cross-platform 2D ,https://github.com/nCine/nCine
screeps/docs,        Documentation site for Screeps online ,https://github.com/screeps/docs
moleculerjs/moleculer-examples,        :,https://github.com/moleculerjs/moleculer-examples
fivethirtyeight/nfl-elo-game,        Data and code for FiveThirtyEight's NFL ,https://github.com/fivethirtyeight/nfl-elo-game
StormFireGame/game,        ,https://github.com/StormFireGame/game
romancm/gamebrary,        Gamebrary - Open source tool to organize video ,https://github.com/romancm/gamebrary
alunbestor/Boxer,        The DOS ,https://github.com/alunbestor/Boxer
corporateshark/Android-NDK-Game-Development-Cookbook,        Android NDK ,https://github.com/corporateshark/Android-NDK-Game-Development-Cookbook
Brackeys/Sugar-Warrior,        A ,https://github.com/Brackeys/Sugar-Warrior
pknowledge/C-Snake-Game,         C++ Snake ,https://github.com/pknowledge/C-Snake-Game
BrightGamePanel/bgpanel,        Bright ,https://github.com/BrightGamePanel/bgpanel
schlae/scopetrex,        SCOPETREX vector ,https://github.com/schlae/scopetrex
Kjuly/iPokeMon,        PokéMon like ,https://github.com/Kjuly/iPokeMon
florisluiten/0hh1,        A lovely little logic ,https://github.com/florisluiten/0hh1
BZFlag-Dev/bzflag,        3D multi-player tank battle ,https://github.com/BZFlag-Dev/bzflag
andrew/node-xbox-controller,        :video_,https://github.com/andrew/node-xbox-controller
pooltogether/pooltogether-pool-contracts,        PoolTogether prize-linked savings ,https://github.com/pooltogether/pooltogether-pool-contracts
MahdiF/taptaptap,        ,https://github.com/MahdiF/taptaptap
BZFlag-Dev/bzflag,        3D multi-player tank battle ,https://github.com/BZFlag-Dev/bzflag
eduard-permyakov/permafrost-engine,        An OpenGL RTS ,https://github.com/eduard-permyakov/permafrost-engine
treyyoder/quakejs-docker,"        Dockerized quakejs server
      ",https://github.com/treyyoder/quakejs-docker
zininzinin/AutoTrimps,        Automation for the idle incremental ,https://github.com/zininzinin/AutoTrimps
GamingGeek/,        You found a secret! GamingGeek/GamingGeek is a ,https://github.com/GamingGeek/GamingGeek
EsotericSoftware/spine-superspineboy,        Example platformer ,https://github.com/EsotericSoftware/spine-superspineboy
Tylemagne/Gopher360,"        Gopher360 is a free zero-config app that instantly turns your Xbox 360, Xbox One, or even DualShock controller into a…
      ",https://github.com/Tylemagne/Gopher360
thecodingmachine/workadventure,        A collaborative web application (virtual office) presented as a 16-bit RPG video ,https://github.com/thecodingmachine/workadventure
tirthajyoti/Papers-Literature-ML-DL-RL-AI,"        Highly cited and useful papers related to machine learning, deep learning, AI, ",https://github.com/tirthajyoti/Papers-Literature-ML-DL-RL-AI
glouw/littlewolf,        A tiny software graphics and ,https://github.com/glouw/littlewolf
ARGAMX/Hackintosh-Intel-i9-10850k-MSI-Z490-,        Hackintosh on Intel i9 10850k + MSI Z490 ,https://github.com/ARGAMX/Hackintosh-Intel-i9-10850k-MSI-Z490-GAMING-EDGE-WIFI
iGuan7u/OpenCore-Gigabyte-Z390M-,"        An OpenCore config of hackintosh, about Gigabyte Z390M ",https://github.com/iGuan7u/OpenCore-Gigabyte-Z390M-Gaming
Dariasteam/TowerJumper,        Casual ability ,https://github.com/Dariasteam/TowerJumper
Nerjxy/,NULL,https://github.com/Nerjxy/GAMINGPC-RDP
typeoneerror/GKAchievementNotification,        ,https://github.com/typeoneerror/GKAchievementNotification
maxvfischer/DIY-arcade,"        How to build your own full-size arcade machine from scratch
      ",https://github.com/maxvfischer/DIY-arcade
extric99/Hackintosh-Gigabyte-Z390-,"        Based on OpenCore - Compatible with Ventura
      ",https://github.com/extric99/Hackintosh-Gigabyte-Z390-GAMING-X-i9-9900k-5700XT
hecomi/uREPL,        In-,https://github.com/hecomi/uREPL
liyl1991/landlord,        landlord ,https://github.com/liyl1991/landlord
jeromevonk/chess_console,        Didatic chess console ,https://github.com/jeromevonk/chess_console
samuelcust/flappy-bird-assets,        Assets to develop the Flappy Bird ,https://github.com/samuelcust/flappy-bird-assets
tom-james-watson/wikitrivia,        Wikidata as a trivia card ,https://github.com/tom-james-watson/wikitrivia
nullworks/cathook,        Training Software for the ,https://github.com/nullworks/cathook
openai/procgen,        Procgen Benchmark: Procedurally-Generated ,https://github.com/openai/procgen
yyjhao/html5-hearts,        Hearts card ,https://github.com/yyjhao/html5-hearts
jakobhellermann/bevy-inspector-egui,        Inspector plugin for the bevy ,https://github.com/jakobhellermann/bevy-inspector-egui
tomlooman/StealthGameUdemy,        C++ Stealth ,https://github.com/tomlooman/StealthGameUdemy
meth-meth-method/super-mario,        Create a Super Mario ,https://github.com/meth-meth-method/super-mario
ellisonchan/ComposeBird,        Flappy Bird ,https://github.com/ellisonchan/ComposeBird
tavasolireza/Hangman-Game-Flutter,        Hangman ,https://github.com/tavasolireza/Hangman-Game-Flutter
tavasolireza/Hangman-Game-Flutter,        Hangman ,https://github.com/tavasolireza/Hangman-Game-Flutter
cocos/example-projects,        Example project to guide users through how to create ,https://github.com/cocos/example-projects
OpenDriver2/REDRIVER2,        Driver 2 Playstation ,https://github.com/OpenDriver2/REDRIVER2
ippa/chingu,        OpenGL accelerated 2D ,https://github.com/ippa/chingu
Skycrab/cham,        Golang lightweight online ,https://github.com/Skycrab/cham
eternaldensity/Sandcastle-Builder,        xkcd: 1190: Time: The ,https://github.com/eternaldensity/Sandcastle-Builder
ganlvtech/phaser-catch-the-cat,        An HTML5 ,https://github.com/ganlvtech/phaser-catch-the-cat
lettier/3d-game-shaders-for-beginners,        ,https://github.com/lettier/3d-game-shaders-for-beginners
dimforge/bevy_rapier,        Official Rapier plugin for the Bevy ,https://github.com/dimforge/bevy_rapier
quentincaffeino/godot-console,        In-,https://github.com/quentincaffeino/godot-console
quentincaffeino/godot-console,        In-,https://github.com/quentincaffeino/godot-console
z0w0/helm,        A functionally reactive ,https://github.com/z0w0/helm
PGMDev/PGM,        The original PvP ,https://github.com/PGMDev/PGM
citybound/citybound,"        A work-in-progress, open-source, multi-player city simulation ",https://github.com/citybound/citybound
wellsgz/Opencore-Gigabyte-Z390M-,        Opencore-Gigabyte-Z390M-,https://github.com/wellsgz/Opencore-Gigabyte-Z390M-Gaming-Hackintosh
LonamiWebs/Klooni1010,        libGDX ,https://github.com/LonamiWebs/Klooni1010
PaulKlinger/tinypc,        A miniature ,https://github.com/PaulKlinger/tinypc
UniqueNetwork/substrapunks,        Substrate based remake of CryptoPunks ,https://github.com/UniqueNetwork/substrapunks
gamer-project/gamer,        Main ,https://github.com/gamer-project/gamer
liuhong1happy/react-native-2048,        React Native 2048 ,https://github.com/liuhong1happy/react-native-2048
awaismirza/Java-Game-Brick-Breaker,        BrickBreaker ,https://github.com/awaismirza/Java-Game-Brick-Breaker
DiscordGSM/DiscordGSM,        ,https://github.com/DiscordGSM/DiscordGSM
torch2424/wasmboy,        ,https://github.com/torch2424/wasmboy
techwithtim/Hangman,        A simple hangman ,https://github.com/techwithtim/Hangman
tristangoossens/snake-go,        Snake ,https://github.com/tristangoossens/snake-go
yoav-zibin/TicTacToe,        TicTacToe ,https://github.com/yoav-zibin/TicTacToe
pmav/game-of-life,        Conway's ,https://github.com/pmav/game-of-life
lfkdsk/JustWeEngine,        An easy open source Android Native ,https://github.com/lfkdsk/JustWeEngine
xiaobooo/My2048,        2048 ,https://github.com/xiaobooo/My2048
taniarascia/memory,        ,https://github.com/taniarascia/memory
dart-archive/dart-tutorials-samples,"        Sample code for ""A ",https://github.com/dart-archive/dart-tutorials-samples
stillwwater/command_terminal,        Unity Command Terminal: In-,https://github.com/stillwwater/command_terminal
alejolp/grounded,        A small platform ,https://github.com/alejolp/grounded
FaridSafi/react-native-basketball,        ,https://github.com/FaridSafi/react-native-basketball
bencbartlett/Overmind,"        AI for Screeps, a multiplayer programming strategy ",https://github.com/bencbartlett/Overmind
mikechambers/dcli,"        Command line utilities for Destiny 2
      ",https://github.com/mikechambers/dcli
googleanalytics/google-analytics-plugin-for-unity,        Google Analytics plugin for the Unity ,https://github.com/googleanalytics/google-analytics-plugin-for-unity
Gekkio/gb-schematics,        ,https://github.com/Gekkio/gb-schematics
OpenHogwarts/hogwarts,        Hogwarts (Harry Potter) open sandbox ,https://github.com/OpenHogwarts/hogwarts
kamalmarhubi/one-second,        Fun performance ,https://github.com/kamalmarhubi/one-second
wangchen/Programming-Game-AI-by-Example-src,"        The source code of ""Programming ",https://github.com/wangchen/Programming-Game-AI-by-Example-src
RocketMod/Rocket,        RocketMod — .NET ,https://github.com/RocketMod/Rocket
phoboslab/underrun,        Twin stick shooter ,https://github.com/phoboslab/underrun
Sandrem/FlyCasual,"        Fan-made ""Star Wars: X-Wing Miniatures ",https://github.com/Sandrem/FlyCasual
patriciateroltolsa/Pacman,        C++ simple pacman ,https://github.com/patriciateroltolsa/Pacman
frenski/quizy-memorygame,        jQuery memory ,https://github.com/frenski/quizy-memorygame
solenum/exengine,        A C99 3D ,https://github.com/solenum/exengine
Ezzpify/HourBoostr,        Two programs for idling Steam ,https://github.com/Ezzpify/HourBoostr
exch-bms2/beatoraja,        Cross-platform rhythm ,https://github.com/exch-bms2/beatoraja
atraczyk/2d-engine,        2D ,https://github.com/atraczyk/2d-engine
loveblockchain/eosdice,        open source bocai ,https://github.com/loveblockchain/eosdice
asc-community/MxEngine,        C++ open source 3D ,https://github.com/asc-community/MxEngine
mikeroelens/HungerMoji,        Android Notification ,https://github.com/mikeroelens/HungerMoji
planetarium/libplanet,        Blockchain toolkit in C#/.NET for decentralized ,https://github.com/planetarium/libplanet
rpgboss/rpgboss,        point and click rpg ,https://github.com/rpgboss/rpgboss
yushroom/FishEngine,"        Simple, Unity-like ",https://github.com/yushroom/FishEngine
H-uru/Plasma,        Cyan Worlds's Plasma ,https://github.com/H-uru/Plasma
wdmir/521266750_qq_com,        massive multiplayer platform for poker online ,https://github.com/wdmir/521266750_qq_com
pigskin/kodi-gamepass,        NFL ,https://github.com/pigskin/kodi-gamepass
jaredly/gravitron,        a little ,https://github.com/jaredly/gravitron
scoutant/blokish,        Android ,https://github.com/scoutant/blokish
Nihlus/Launchpad,        An open-source ,https://github.com/Nihlus/Launchpad
jhuckaby/Effect-Games,        Classic DHTML JavaScript ,https://github.com/jhuckaby/Effect-Games
microsoft/Microsoft.Unity.Analyzers,        Roslyn analyzers for Unity ,https://github.com/microsoft/Microsoft.Unity.Analyzers
Vasilyi/,NULL,https://github.com/Vasilyi/gamingonsteroids
jenkinsci/ci-game-plugin,        Jenkins ci-,https://github.com/jenkinsci/ci-game-plugin
digitalepidemiologylab/VaxGame,        network-based vaccination ,https://github.com/digitalepidemiologylab/VaxGame
photonstorm/phaser,"        Phaser is a fun, free and fast 2D ",https://github.com/photonstorm/phaser
yuhuili/TouchBarDino,        Chrome dinosaur ,https://github.com/yuhuili/TouchBarDino
lmc999/WireguardForGame,        To Use Wireguard as Online ,https://github.com/lmc999/WireguardForGame
opensoldat/opensoldat,        OpenSoldat is a unique 2D (side-view) multiplayer action ,https://github.com/opensoldat/opensoldat
kenrick95/c4,        ,https://github.com/kenrick95/c4
RedDot-3ND7355/BnS-Buddy,        Improve your Blade & Soul ,https://github.com/RedDot-3ND7355/BnS-Buddy
jordillonch/eggs,        Erlang Generic ,https://github.com/jordillonch/eggs
PlayFab/gsdk,        ,https://github.com/PlayFab/gsdk
SebLague/Create-a-Game-Source,        Source code from my Create a ,https://github.com/SebLague/Create-a-Game-Source
federicodangelo/CubeWorld,        Minecraft like ,https://github.com/federicodangelo/CubeWorld
swarmsim/swarm,"        Swarm Simulator, an idle ",https://github.com/swarmsim/swarm
cvan/tanx-1,        tanx multiplayer webgl ,https://github.com/cvan/tanx-1
stared/quantum-game,        Quantum ,https://github.com/stared/quantum-game
gamemachine/gamemachine,        Multiplayer ,https://github.com/gamemachine/gamemachine
mikebaldi/Idle-Champions,        Scripts for the ,https://github.com/mikebaldi/Idle-Champions
wimpysworld/retro-home,        Retro Home; your home for retro-,https://github.com/wimpysworld/retro-home
nisancigokmen/,NULL,https://github.com/nisancigokmen/gamingSite
stared/quantum-game,        Quantum ,https://github.com/stared/quantum-game
jesseakt/PixelDefense,        HTML5 Tower Defense ,https://github.com/jesseakt/PixelDefense
Shervanator/Engine,        A basic cross-platform 3D ,https://github.com/Shervanator/Engine
skiedude/evestructures,"        An ESI/SSO backed website enabling Eve Online Corporations to view and manage all their owned Structures in New Eden
      ",https://github.com/skiedude/evestructures
KirkMcDonald/kirkmcdonald.github.io,        Simple web-based calculator for the ,https://github.com/KirkMcDonald/kirkmcdonald.github.io
EasyRPG/Editor,        ,https://github.com/EasyRPG/Editor
GameServerManagers/Game-Server-Configs,        A repo of ,https://github.com/GameServerManagers/Game-Server-Configs
Elringus/UnityGoogleDrive,        Google Drive SDK for Unity ,https://github.com/Elringus/UnityGoogleDrive
fnky/particle-life,        ,https://github.com/fnky/particle-life
skiedude/evestructures,"        An ESI/SSO backed website enabling Eve Online Corporations to view and manage all their owned Structures in New Eden
      ",https://github.com/skiedude/evestructures
jakesgordon/javascript-tiny-platformer,        A very minimal javascript platform ,https://github.com/jakesgordon/javascript-tiny-platformer
game-icons/icons,        All SVG icons available on ,https://github.com/game-icons/icons
basicallydan/skifree.js,        ,https://github.com/basicallydan/skifree.js
KaptainWutax/SeedCracker,"        Fast, Automatic In-",https://github.com/KaptainWutax/SeedCracker
GDQuest/godot-beginner-2d-platformer,        Learn to create a 2d platform ,https://github.com/GDQuest/godot-beginner-2d-platformer
fireclawthefox/panda3d-tutorial,        A Tutorial about ,https://github.com/fireclawthefox/panda3d-tutorial
CommandLineHeroes/hero-engine,        Open-source HTML5 adventure ,https://github.com/CommandLineHeroes/hero-engine
JSJitsu/hero-starter,        Hero code needed to play the ,https://github.com/JSJitsu/hero-starter
RafaelBarbosatec/darkness_dungeon,        ,https://github.com/RafaelBarbosatec/darkness_dungeon
clintbellanger/Karma-Slots,        Simple HTML5/js/canvas slot machine ,https://github.com/clintbellanger/Karma-Slots
stepmania/stepmania,        Advanced rhythm ,https://github.com/stepmania/stepmania
Tencent/behaviac,        behaviac is a framework of the ,https://github.com/Tencent/behaviac
nickgammon/mushclient,        Open Source Windows MUD ,https://github.com/nickgammon/mushclient
galaxyofdrones/galaxyofdrones,        ,https://github.com/galaxyofdrones/galaxyofdrones
techwithtim/Online-Chess-Game,        Chess ,https://github.com/techwithtim/Online-Chess-Game
colyseus/colyseus-examples,        Colyseus ,https://github.com/colyseus/colyseus-examples
Gibtnix/MSIKLM,        Control the SteelSeries keyboard of your MSI ,https://github.com/Gibtnix/MSIKLM
godot-escoria/escoria-demo-game,        ,https://github.com/godot-escoria/escoria-demo-game
raycool/Gigabyte-Z390-,        Gigabyte Z390 ,https://github.com/raycool/Gigabyte-Z390-Gaming-X-Hackintosh-I7-9700K-SAPPHIRE-5500XT
BleachDev/BleachHack,        block ,https://github.com/BleachDev/BleachHack
BrushXue/Z170i-Pro-,        A tutorial to install macOS Catalina on ASUS Z170i Pro ,https://github.com/BrushXue/Z170i-Pro-Gaming-Hackintosh
PurpleKingdomGames/indigo,        An FP ,https://github.com/PurpleKingdomGames/indigo
tylerneylon/termtris,        A text-based ,https://github.com/tylerneylon/termtris
cocos2d/cocos2d-x,"        Cocos2d-x is a suite of open-source, cross-platform, ",https://github.com/cocos2d/cocos2d-x
Minecraft-Eternal/MC-Eternal-1.12,"        Tons of thrilling™ Adventures, Magic, Science, Quests, Combat, Bosses, Automation, Exploration, and Rats who shoot ch…
      ",https://github.com/Minecraft-Eternal/MC-Eternal-1.12
skeeto/webgl-game-of-life,        WebGL ,https://github.com/skeeto/webgl-game-of-life
skeeto/webgl-game-of-life,        WebGL ,https://github.com/skeeto/webgl-game-of-life
mrmop/Booty5,        HTML5 JavaScript ,https://github.com/mrmop/Booty5
lc-soft/PunchAndKick,        A simple 2D Fighting ,https://github.com/lc-soft/PunchAndKick
jfrmilner/Arduino-USBRetro,        Improve your retro ,https://github.com/jfrmilner/Arduino-USBRetroGamingControllers
ajweeks/FlexEngine,        Cross-platform ,https://github.com/ajweeks/FlexEngine
anjmao/phaser-candy-crush,        Candy crush like ,https://github.com/anjmao/phaser-candy-crush
shtange/catch-the-egg,"        ""Catch The Egg"" ",https://github.com/shtange/catch-the-egg
greenheartgames/gdt-modAPI,        Official ,https://github.com/greenheartgames/gdt-modAPI
mars885/gamedge,        An Android application for browsing video games and checking the latest ,https://github.com/mars885/gamedge
alto-io/game3.js,        The Web 3.0 ,https://github.com/alto-io/game3.js
CarolinaCampi/Wordle,        Word ,https://github.com/CarolinaCampi/Wordle
KillzXGaming/Switch-Toolbox,        A tool to edit many video ,https://github.com/KillzXGaming/Switch-Toolbox
mumble-voip/mumble,"        Mumble is an open-source, low-latency, high quality voice chat software.
      ",https://github.com/mumble-voip/mumble
mkiisoft/taphero_web,        Tap Hero ,https://github.com/mkiisoft/taphero_web
sniper00/moon,        A lightweight ,https://github.com/sniper00/moon
RedHat-Israel/ROSE,        ROSE project car race ,https://github.com/RedHat-Israel/ROSE
ummahusla/HTML5-Game-Development,        :video_,https://github.com/ummahusla/HTML5-Game-Development
Cirrus-Minor/witchblast,        Roguelite dungeon crawler ,https://github.com/Cirrus-Minor/witchblast
cosmos-gaminghub/mainnet,        ,https://github.com/cosmos-gaminghub/mainnet
timi-liuliang/echo,        A New Cross-Platform 2D 3D ,https://github.com/timi-liuliang/echo
timi-liuliang/echo,        A New Cross-Platform 2D 3D ,https://github.com/timi-liuliang/echo
screepers/typed-screeps,        Strong TypeScript declarations for the ,https://github.com/screepers/typed-screeps
ozkriff/zemeroth,        ,https://github.com/ozkriff/zemeroth
qb-0/PyMeow-,        Python ,https://github.com/qb-0/PyMeow-
polymonster/pmtech,"        Lightweight, multi-platform, data-oriented ",https://github.com/polymonster/pmtech
AChep/15puzzle,        The ,https://github.com/AChep/15puzzle
letoram/arcan,"        Arcan - [Display Server, Multimedia Framework, ",https://github.com/letoram/arcan
rbfx/rbfx,        ,https://github.com/rbfx/rbfx
dheerendra1/dava.framework,        Cross platform ,https://github.com/dheerendra1/dava.framework
d3dcoder/d3d12book,"        Sample code for the book ""Introduction to 3D ",https://github.com/d3dcoder/d3d12book
zk-phi/CHUNITHMRateAnalyzer,        [,https://github.com/zk-phi/CHUNITHMRateAnalyzer
OxideMod/Oxide.Rust,        Rust ,https://github.com/OxideMod/Oxide.Rust
leomaurodesenv/game-datasets,        :video_,https://github.com/leomaurodesenv/game-datasets
NextGenerationGamingLLC/SA-MP-Development,        The Next Generation ,https://github.com/NextGenerationGamingLLC/SA-MP-Development
slages/love-imgui,        imgui module for the LÖVE ,https://github.com/slages/love-imgui
Revolutionary-Games/Thrive,        The main repository for the development of the evolution ,https://github.com/Revolutionary-Games/Thrive
RabbyHub/Rabby,        The ,https://github.com/RabbyHub/Rabby
devbean/snake-game,        A snake ,https://github.com/devbean/snake-game
gecko0307/dagon,        3D ,https://github.com/gecko0307/dagon
etternagame/etterna,        Advanced cross-platform rhythm ,https://github.com/etternagame/etterna
mgechev/mk.js,        Canvas implementation of basic fighting ,https://github.com/mgechev/mk.js
LanKuDot/game_modules,        The modules can be used for ,https://github.com/LanKuDot/game_modules
EpochModTeam/Epoch,        Epoch Survival ,https://github.com/EpochModTeam/Epoch
jsomers/git-game,        The git committer guessing ,https://github.com/jsomers/git-game
guusw/unnamed-sdvx-clone,        A rhythm ,https://github.com/guusw/unnamed-sdvx-clone
vitaviva/compose-tetris,        ,https://github.com/vitaviva/compose-tetris
uvipen/Flappy-bird-deep-Q-learning-pytorch,        Deep Q-learning for playing flappy bird ,https://github.com/uvipen/Flappy-bird-deep-Q-learning-pytorch
skybet/tech-test,        Sky Betting & ,https://github.com/skybet/tech-test
earthly/example-dos-,"        Contains the code for this blog article:
      ",https://github.com/earthly/example-dos-gaming
binogure-studio/city-game-studio-i18n,        Translation files for City ,https://github.com/binogure-studio/city-game-studio-i18n
atmosgames/SuperSimple2DKit,        A simple kit meant to help jump start the creation of your 2D Unity ,https://github.com/atmosgames/SuperSimple2DKit
Longwelwind/swords-and-ravens,        A reimplementation of the board ,https://github.com/Longwelwind/swords-and-ravens
in4ray/firefly-sdk,        Firefly - in4ray ,https://github.com/in4ray/firefly-sdk
kubowania/Nokia3310-Snake,        A vanilla JavaScript ,https://github.com/kubowania/Nokia3310-Snake
meta-is-beta/horadric-helper,"        A WebComponents library that allows you to display tooltips from ARPG games on you webstie using Html tags.
      ",https://github.com/meta-is-beta/horadric-helper
Pomax/Pjs-2D-Game-Engine,        Processing.js 2D ,https://github.com/Pomax/Pjs-2D-Game-Engine
SwimmingPig/Hackintosh-Intel-i5-10400-Gigabyte-Z490M-,"        Success build of Opencore Hakintosh with Intel 10th gen Comet Lake
      ",https://github.com/SwimmingPig/Hackintosh-Intel-i5-10400-Gigabyte-Z490M-Gaming-X
SiliconStudio/xenko,        Old repo for Xenko ,https://github.com/SiliconStudio/xenko
techwithtim/Tetris-Game,        The ,https://github.com/techwithtim/Tetris-Game
brunoborges/fx2048,        The ,https://github.com/brunoborges/fx2048
kxgames/kxg,        A multiplayer ,https://github.com/kxgames/kxg
facebookarchive/jsgamebench,        Exercise web browsers under ,https://github.com/facebookarchive/jsgamebench
seanhess/wizardwar,        Wizard War is an open-source multiplayer iOS ,https://github.com/seanhess/wizardwar
mgerdes/Open-Golf,        A cross-platform minigolf ,https://github.com/mgerdes/Open-Golf
panshiqu/framework,        a simple ,https://github.com/panshiqu/framework
ElectroGryphon/EGGA,        Electro Gryphon ,https://github.com/ElectroGryphon/EGGA
HaxeFlixel/flixel,"        Free, cross-platform 2D ",https://github.com/HaxeFlixel/flixel
Mohammedcha/FaceBook-BAM-Quiz-Instant-Game,        FaceBook Instant ,https://github.com/Mohammedcha/FaceBook-BAM-Quiz-Instant-Game
jobtalle/Koi,"        Koi Farm, a koi breeding ",https://github.com/jobtalle/Koi
estevaofon/angry-birds-python,        Angry Birds ,https://github.com/estevaofon/angry-birds-python
DK-denno/,NULL,https://github.com/DK-denno/Gaming
jobtalle/Koi,"        Koi Farm, a koi breeding ",https://github.com/jobtalle/Koi
GregorBiswanger/rxjs-fruits,        A ,https://github.com/GregorBiswanger/rxjs-fruits
QuantumBox/blackgamedevs,        A list of Black ,https://github.com/QuantumBox/blackgamedevs
Unity-Technologies/EndlessRunnerSampleGame,        Repository for the Endless Runner ,https://github.com/Unity-Technologies/EndlessRunnerSampleGame
vintage/party_flutter,        Party Charades ,https://github.com/vintage/party_flutter
gongminmin/KlayGE,        KlayGE is a cross-platform open source ,https://github.com/gongminmin/KlayGE
kivy/kivent,        KivEnt is an entity-based ,https://github.com/kivy/kivent
ornicar/vindinium,        Artificial Intelligence Challenge - scala ,https://github.com/ornicar/vindinium
abae/BLAWK,        ,https://github.com/abae/BLAWK
abae/BLAWK,        ,https://github.com/abae/BLAWK
CloudOnce/CloudOnce,        Unified ,https://github.com/CloudOnce/CloudOnce
HackerPoet/Particle-Life,        A ,https://github.com/HackerPoet/Particle-Life
bryceredd/CastleHassle,        A physics-based cocos2d iOS ,https://github.com/bryceredd/CastleHassle
Mogara/QSanguosha,        An open source online version of the famous board ,https://github.com/Mogara/QSanguosha
javipacheco/impossiblocks,        Flutter ,https://github.com/javipacheco/impossiblocks
yegor256/hangman,        Hangman (the ,https://github.com/yegor256/hangman
SamirHodzic/ngx-snake,        Snake arcade ,https://github.com/SamirHodzic/ngx-snake
plibither8/2048.cpp,        ,https://github.com/plibither8/2048.cpp
Kode/Kinc,        Modern low level ,https://github.com/Kode/Kinc
KilledByAPixel/HueJumper2k,        2 Kilobyte 3D racing ,https://github.com/KilledByAPixel/HueJumper2k
jinyuliao/Grid,        An UE4 plugin for grid-based ,https://github.com/jinyuliao/Grid
evdevru/casino,        Gambling casino with ,https://github.com/evdevru/casino
muldjord/skyscraper,        Powerful and versatile ,https://github.com/muldjord/skyscraper
hexops/mach,        Mach is a ,https://github.com/hexops/mach
aochagavia/rocket_wasm,        The Rocket ,https://github.com/aochagavia/rocket_wasm
Amog-OS/AmogOS,"        ඞ Among-us themed OS. As seen on Reddit and Youtube.
      ",https://github.com/Amog-OS/AmogOS
jonowo/on9wordchainbot,        Telegram ,https://github.com/jonowo/on9wordchainbot
Lanica/Platform-platino,        ,https://github.com/Lanica/Platform-platino
tuomount/Open-Realms-of-Stars,        4X Strategy ,https://github.com/tuomount/Open-Realms-of-Stars
JDStraughan/html5-snake,        HTML5 variation of the classic snake ,https://github.com/JDStraughan/html5-snake
GunshipPenguin/open_flood,        Flood fill puzzle ,https://github.com/GunshipPenguin/open_flood
Hotrian/OpenVRDesktopDisplayPortal,        Put your favorite Desktop Window directly into any OpenVR ,https://github.com/Hotrian/OpenVRDesktopDisplayPortal
ketanhwr/reflexio,        A web ,https://github.com/ketanhwr/reflexio
aayusharora/GeneticAlgorithms,        Automatic Chrome Dino ,https://github.com/aayusharora/GeneticAlgorithms
GlPortal/glPortal,        :video_,https://github.com/GlPortal/glPortal
Amog-OS/AmogOS,"        ඞ Among-us themed OS. As seen on Reddit and Youtube.
      ",https://github.com/Amog-OS/AmogOS
notecoin/BitcoinDice,        BitcoinDice 1.0 Gambling ,https://github.com/notecoin/BitcoinDice
kem0x/raider3.5,        Custom fortnite ,https://github.com/kem0x/raider3.5
mbfassnacht/pacman-react,        Pacman ,https://github.com/mbfassnacht/pacman-react
rapiz1/DungeonRush,        ,https://github.com/rapiz1/DungeonRush
mchekin/rpg,        Online Role Playing ,https://github.com/mchekin/rpg
kripken/BananaBread,        BananaBread is a C++ 3D ,https://github.com/kripken/BananaBread
grit-engine/grit-engine,        Grit ,https://github.com/grit-engine/grit-engine
DiscordSRV/DiscordSRV,        Discord bridging plugin for block ,https://github.com/DiscordSRV/DiscordSRV
ykzj/,        a demo to construct ,https://github.com/ykzj/gaming-analytics
halfrost/threes-ai,        ,https://github.com/halfrost/threes-ai
domenickp/,        Stands up a ,https://github.com/domenickp/gamingaws-terraform
MafiaHub/MafiaUnity,        ,https://github.com/MafiaHub/MafiaUnity
fariazz/phaser-sidescroller,        Phaser sidescroller ,https://github.com/fariazz/phaser-sidescroller
liuhaopen/UnityMMO,"        an unity mmo demo, base on ecs(",https://github.com/liuhaopen/UnityMMO
AntonioND/ucity,        The open-source city-building ,https://github.com/AntonioND/ucity
hingston/7-billion-humans-solutions,        Solutions for the ,https://github.com/hingston/7-billion-humans-solutions
u2i/superstellar,        Multiplayer galactic ,https://github.com/u2i/superstellar
ajboni/Talkit,        Non-Linear ,https://github.com/ajboni/Talkit
gameplaycolor/gameplaycolor,        JavaScript ,https://github.com/gameplaycolor/gameplaycolor
malraharsh/Gesture-,NULL,https://github.com/malraharsh/Gesture-Gaming-Tekken
google/BIG-bench,        Beyond the Imitation ,https://github.com/google/BIG-bench
phpmaple/Stick-Hero-Swift,        a universal iOS ,https://github.com/phpmaple/Stick-Hero-Swift
psema4/pine,        An HTML 5 ,https://github.com/psema4/pine
MrHus/Zelda,        Zelda ,https://github.com/MrHus/Zelda
woguan/Legend-Wings,        iOS Swift ,https://github.com/woguan/Legend-Wings
ForsakenX/forsaken,        Forsaken ,https://github.com/ForsakenX/forsaken
bitwes/Gut,        Godot Unit Test. Unit testing tool for Godot ,https://github.com/bitwes/Gut
DaVikingCode/Citrus-Engine-Examples,"        Examples for the Citrus Engine, AS3 ",https://github.com/DaVikingCode/Citrus-Engine-Examples
Aloento/Arknights,        In-,https://github.com/Aloento/Arknights
codeforgermany/click_that_hood,        A ,https://github.com/codeforgermany/click_that_hood
d3m3vilurr/vita-savemgr,        Dump / Restore for PSVita ,https://github.com/d3m3vilurr/vita-savemgr
ecklf/flutters,        A ,https://github.com/ecklf/flutters
gmy77/d3sharp,        A ,https://github.com/gmy77/d3sharp
floatinghotpot/casino-server,        ,https://github.com/floatinghotpot/casino-server
b3dgs/warcraft-remake,        Java remake of Warcraft ,https://github.com/b3dgs/warcraft-remake
maierfelix/PokeMMO,        :video_,https://github.com/maierfelix/PokeMMO
oakes/play-cljs,        A ClojureScript ,https://github.com/oakes/play-cljs
bear24rw/,"         A fork of fceu for my beagleboy project 
      ",https://github.com/bear24rw/gamingcape_fceu
elpassion/DropColour-iOS,        DropColour - Open-Source Arcade ,https://github.com/elpassion/DropColour-iOS
FreeCol/freecol,        FreeCol: FreeCol is a turn-based strategy ,https://github.com/FreeCol/freecol
victorqribeiro/aimAndShoot,        A neuroevolution ,https://github.com/victorqribeiro/aimAndShoot
MichalStrehovsky/SeeSharpSnake,        Self-contained C# ,https://github.com/MichalStrehovsky/SeeSharpSnake
joemaddalone/game,        HTML5 ,https://github.com/joemaddalone/game
lingo3d/lingo3d,        Lingo3D is a web-first 3d ,https://github.com/lingo3d/lingo3d
lostdecade/simple_canvas_game,        Quick tutorial on how to make a simple HTML5 Canvas ,https://github.com/lostdecade/simple_canvas_game
feisuzhu/thbattle,        A Sanguosha board ,https://github.com/feisuzhu/thbattle
PsiLupan/MakeLobbiesGreatAgain,        Steam Networked-based ,https://github.com/PsiLupan/MakeLobbiesGreatAgain
mdziekon/UniEngine,        OGame-like ,https://github.com/mdziekon/UniEngine
pl12133/react-solitaire,        A ,https://github.com/pl12133/react-solitaire
msokalski/asciicker,        3D ASCII ,https://github.com/msokalski/asciicker
kubowania/connect-four,        A Pure JavaScript grid-based ,https://github.com/kubowania/connect-four
cyberegoorg/cetech,        Data driven ,https://github.com/cyberegoorg/cetech
NoelFB/blah,        A small 2d c++ ,https://github.com/NoelFB/blah
